-- MySQL dump 10.13  Distrib 5.7.24, for osx11.1 (x86_64)
--
-- Host: localhost    Database: DBML
-- ------------------------------------------------------
-- Server version	8.3.0

/*!40101 SET @OLD_CHARACTER_SET_CLIENT=@@CHARACTER_SET_CLIENT */;
/*!40101 SET @OLD_CHARACTER_SET_RESULTS=@@CHARACTER_SET_RESULTS */;
/*!40101 SET @OLD_COLLATION_CONNECTION=@@COLLATION_CONNECTION */;
/*!40101 SET NAMES utf8 */;
/*!40103 SET @OLD_TIME_ZONE=@@TIME_ZONE */;
/*!40103 SET TIME_ZONE='+00:00' */;
/*!40014 SET @OLD_UNIQUE_CHECKS=@@UNIQUE_CHECKS, UNIQUE_CHECKS=0 */;
/*!40014 SET @OLD_FOREIGN_KEY_CHECKS=@@FOREIGN_KEY_CHECKS, FOREIGN_KEY_CHECKS=0 */;
/*!40101 SET @OLD_SQL_MODE=@@SQL_MODE, SQL_MODE='NO_AUTO_VALUE_ON_ZERO' */;
/*!40111 SET @OLD_SQL_NOTES=@@SQL_NOTES, SQL_NOTES=0 */;

--
-- Current Database: `DBMS`
--

CREATE DATABASE /*!32312 IF NOT EXISTS*/ `DBMS` /*!40100 DEFAULT CHARACTER SET utf8mb4 COLLATE utf8mb4_0900_ai_ci */ /*!80016 DEFAULT ENCRYPTION='N' */;

USE `DBMS`;

--
-- Table structure for table `customers`
--

DROP TABLE IF EXISTS `customers`;
/*!40101 SET @saved_cs_client     = @@character_set_client */;
/*!40101 SET character_set_client = utf8 */;
CREATE TABLE `customers` (
  `customer_id` int NOT NULL,
  `cust_name` varchar(255) NOT NULL,
  `city` varchar(255) NOT NULL,
  `grade` int DEFAULT NULL,
  `salesman_id` int DEFAULT NULL,
  PRIMARY KEY (`customer_id`),
  KEY `salesman_id` (`salesman_id`),
  CONSTRAINT `customers_ibfk_1` FOREIGN KEY (`salesman_id`) REFERENCES `salesmen` (`salesman_id`)
) ENGINE=InnoDB DEFAULT CHARSET=utf8mb4 COLLATE=utf8mb4_0900_ai_ci;
/*!40101 SET character_set_client = @saved_cs_client */;

--
-- Dumping data for table `customers`
--

LOCK TABLES `customers` WRITE;
/*!40000 ALTER TABLE `customers` DISABLE KEYS */;
INSERT INTO `customers` VALUES (3001,'Brad Guzan','London',NULL,5005),(3002,'Nick Rimando','New York',100,5001),(3003,'Jozy Altidor','Moscow',200,5007),(3004,'Fabian Johnson','Paris',300,5006),(3005,'Graham Zusi','California',200,5002),(3007,'Brad Davis','New York',200,5001),(3008,'Julian Green','London',300,5002),(3009,'Geoff Cameron','Berlin',100,5003);
/*!40000 ALTER TABLE `customers` ENABLE KEYS */;
UNLOCK TABLES;

--
-- Table structure for table `EMPLOYEE`
--

DROP TABLE IF EXISTS `EMPLOYEE`;
/*!40101 SET @saved_cs_client     = @@character_set_client */;
/*!40101 SET character_set_client = utf8 */;
CREATE TABLE `EMPLOYEE` (
  `Name` varchar(20) DEFAULT NULL,
  `Email` varchar(100) DEFAULT NULL,
  `DOB` date DEFAULT NULL
) ENGINE=InnoDB DEFAULT CHARSET=utf8mb4 COLLATE=utf8mb4_0900_ai_ci;
/*!40101 SET character_set_client = @saved_cs_client */;

--
-- Dumping data for table `EMPLOYEE`
--

LOCK TABLES `EMPLOYEE` WRITE;
/*!40000 ALTER TABLE `EMPLOYEE` DISABLE KEYS */;
INSERT INTO `EMPLOYEE` VALUES ('Yaswanth','lnvyaswanth@gmail.com','2002-05-27'),('Jaswanth','jaswanth@gmail.com','2003-10-31');
/*!40000 ALTER TABLE `EMPLOYEE` ENABLE KEYS */;
UNLOCK TABLES;

--
-- Table structure for table `nobel_win`
--

DROP TABLE IF EXISTS `nobel_win`;
/*!40101 SET @saved_cs_client     = @@character_set_client */;
/*!40101 SET character_set_client = utf8 */;
CREATE TABLE `nobel_win` (
  `YEAR` int NOT NULL,
  `SUBJECT` varchar(255) NOT NULL,
  `WINNER` varchar(255) NOT NULL,
  `COUNTRY` varchar(255) NOT NULL,
  `CATEGORY` varchar(255) NOT NULL
) ENGINE=InnoDB DEFAULT CHARSET=utf8mb4 COLLATE=utf8mb4_0900_ai_ci;
/*!40101 SET character_set_client = @saved_cs_client */;

--
-- Dumping data for table `nobel_win`
--

LOCK TABLES `nobel_win` WRITE;
/*!40000 ALTER TABLE `nobel_win` DISABLE KEYS */;
INSERT INTO `nobel_win` VALUES (1970,'Physics','Hannes Alfven','Sweden','Scientist'),(1970,'Physics','Louis Neel','France','Scientist'),(1970,'Chemistry','Luis Federico Leloir','Argentina','Scientist'),(1970,'Physiology','Ulf von Euler','Sweden','Scientist'),(1970,'Physiology','Bernard Katz','Germany','Scientist'),(1970,'Literature','Aleksandr Solzhenitsyn','Russia','Linguist'),(1970,'Economics','Paul Samuelson','USA','Economist'),(1970,'Physiology','Julius Axelrod','USA','Scientist'),(1971,'Physics','Dennis Gabor','Hungary','Scientist'),(1971,'Chemistry','Gerhard Herzberg','Canada','Scientist'),(1971,'Peace','Willy Brandt','Germany','Chancellor'),(1971,'Literature','Pablo Neruda','Chile','Linguist'),(1971,'Economics','Simon Kuznets','Russia','Economist'),(1978,'Peace','Anwar al-Sadat','Egypt','President'),(1978,'Peace','Menachem Begin','Israel','Prime Minister'),(1987,'Chemistry','Donald J. Cram','USA','Scientist'),(1987,'Chemistry','Jean-Marie Lehn','France','Scientist'),(1987,'Physiology','Susumu Tonegawa','Japan','Scientist'),(1994,'Economics','Reinhard Selten','Germany','Economist'),(1994,'Peace','Yitzhak Rabin','Israel','Prime Minister'),(1987,'Physics','Johannes Georg Bednorz','Germany','Scientist'),(1987,'Literature','Joseph Brodsky','Russia','Linguist'),(1987,'Economics','Robert Solow','USA','Economist'),(1994,'Literature','Kenzaburo Oe','Japan','Novelist');
/*!40000 ALTER TABLE `nobel_win` ENABLE KEYS */;
UNLOCK TABLES;

--
-- Table structure for table `orders`
--

DROP TABLE IF EXISTS `orders`;
/*!40101 SET @saved_cs_client     = @@character_set_client */;
/*!40101 SET character_set_client = utf8 */;
CREATE TABLE `orders` (
  `ord_no` int NOT NULL,
  `purch_amt` decimal(10,2) NOT NULL,
  `ord_date` date NOT NULL,
  `customer_id` int NOT NULL,
  `salesman_id` int NOT NULL,
  PRIMARY KEY (`ord_no`),
  KEY `customer_id` (`customer_id`),
  KEY `salesman_id` (`salesman_id`),
  CONSTRAINT `orders_ibfk_1` FOREIGN KEY (`customer_id`) REFERENCES `customers` (`customer_id`),
  CONSTRAINT `orders_ibfk_2` FOREIGN KEY (`salesman_id`) REFERENCES `salesmen` (`salesman_id`)
) ENGINE=InnoDB DEFAULT CHARSET=utf8mb4 COLLATE=utf8mb4_0900_ai_ci;
/*!40101 SET character_set_client = @saved_cs_client */;

--
-- Dumping data for table `orders`
--

LOCK TABLES `orders` WRITE;
/*!40000 ALTER TABLE `orders` DISABLE KEYS */;
INSERT INTO `orders` VALUES (70001,150.50,'2012-10-05',3005,5002),(70002,65.26,'2012-10-05',3002,5001),(70003,2480.40,'2012-10-10',3009,5003),(70004,110.50,'2012-08-17',3009,5003),(70005,2400.60,'2012-07-27',3007,5001),(70007,948.50,'2012-09-10',3005,5002),(70008,5760.00,'2012-09-10',3002,5001),(70009,270.65,'2012-09-10',3001,5005),(70010,1983.43,'2012-10-10',3004,5006),(70011,75.29,'2012-08-17',3003,5007),(70012,250.45,'2012-06-27',3008,5002),(70013,3045.60,'2012-04-25',3002,5001);
/*!40000 ALTER TABLE `orders` ENABLE KEYS */;
UNLOCK TABLES;

--
-- Table structure for table `Persons`
--

DROP TABLE IF EXISTS `Persons`;
/*!40101 SET @saved_cs_client     = @@character_set_client */;
/*!40101 SET character_set_client = utf8 */;
CREATE TABLE `Persons` (
  `Personid` int NOT NULL AUTO_INCREMENT,
  `LastName` varchar(255) NOT NULL,
  `FirstName` varchar(255) DEFAULT NULL,
  `Age` int DEFAULT NULL,
  PRIMARY KEY (`Personid`),
  CONSTRAINT `persons_chk_1` CHECK ((`Age` >= 18))
) ENGINE=InnoDB AUTO_INCREMENT=3 DEFAULT CHARSET=utf8mb4 COLLATE=utf8mb4_0900_ai_ci;
/*!40101 SET character_set_client = @saved_cs_client */;

--
-- Dumping data for table `Persons`
--

LOCK TABLES `Persons` WRITE;
/*!40000 ALTER TABLE `Persons` DISABLE KEYS */;
INSERT INTO `Persons` VALUES (1,'Lankadasu','Naga Venkata Yaswanth',21),(2,'Lankadasu','Jaswanth S K',20);
/*!40000 ALTER TABLE `Persons` ENABLE KEYS */;
UNLOCK TABLES;

--
-- Table structure for table `RAW_DATABASE`
--

DROP TABLE IF EXISTS `RAW_DATABASE`;
/*!40101 SET @saved_cs_client     = @@character_set_client */;
/*!40101 SET character_set_client = utf8 */;
CREATE TABLE `RAW_DATABASE` (
  `id` int DEFAULT NULL,
  `name` varchar(50) DEFAULT NULL,
  `email` varchar(50) DEFAULT NULL,
  `gender` varchar(50) DEFAULT NULL,
  `phone` varchar(50) DEFAULT NULL
) ENGINE=InnoDB DEFAULT CHARSET=utf8mb4 COLLATE=utf8mb4_0900_ai_ci;
/*!40101 SET character_set_client = @saved_cs_client */;

--
-- Dumping data for table `RAW_DATABASE`
--

LOCK TABLES `RAW_DATABASE` WRITE;
/*!40000 ALTER TABLE `RAW_DATABASE` DISABLE KEYS */;
INSERT INTO `RAW_DATABASE` VALUES (1,'Daisey','ddaldan0@angelfire.com','Female','+86 971 855 1325'),(2,'Balduin','bgentiry1@prlog.org','Male','+93 666 738 8250'),(3,'Fiorenze','fsawkin2@jiathis.com','Female','+1 952 859 5558'),(4,'Ed','estratford3@microsoft.com','Male','+66 267 622 6045'),(5,'Jodie','jsmithin4@nps.gov','Female','+94 422 837 0476'),(6,'Andrei','atessington5@bing.com','Female','+218 776 268 8700'),(7,'Randie','rimlock6@msu.edu','Bigender','+51 544 260 0284'),(8,'Cindi','cdeveraux7@so-net.ne.jp','Female','+86 662 596 5701'),(9,'Bunni','bbernasek8@topsy.com','Female','+352 590 345 8026'),(10,'Ignaz','igillow9@taobao.com','Non-binary','+235 224 124 4539'),(11,'Eldredge','eparkina@godaddy.com','Male','+420 856 130 5523'),(12,'Paxon','pvickerstaffb@sun.com','Male','+86 514 671 7587'),(13,'Kerry','kachromovc@purevolume.com','Male','+86 423 854 5408'),(14,'Felice','fmeddickd@goodreads.com','Male','+7 629 996 1582'),(15,'Aloysius','asettere@admin.ch','Male','+1 292 942 2404'),(16,'Gerri','gobingtonf@oakley.com','Female','+62 554 309 7643'),(17,'Darlleen','dcasselyg@privacy.gov.au','Female','+880 767 353 8749'),(18,'Felice','fhenninghamh@pen.io','Female','+7 271 677 3859'),(19,'Monti','madsheadi@cnbc.com','Male','+62 943 204 6718'),(20,'Tibold','tthewlisj@miibeian.gov.cn','Male','+7 547 571 4387'),(21,'Devlen','dbartlomiejk@jigsy.com','Male','+387 994 203 3810'),(22,'Jo-ann','jmelvinl@etsy.com','Female','+62 334 395 6300'),(23,'Sarge','sfowlerm@soup.io','Male','+86 983 881 9822'),(24,'Ludvig','lclitheroen@360.cn','Male','+593 912 575 3906'),(25,'Wells','weameso@businessinsider.com','Male','+63 203 493 7625'),(26,'Elliott','eorrellp@ow.ly','Male','+30 236 137 7580'),(27,'Kalil','ktrevinoq@theguardian.com','Non-binary','+86 169 358 2973'),(28,'Rodney','rludewigr@usda.gov','Male','+256 240 895 5342'),(29,'Roch','rbyass@hostgator.com','Female','+268 998 420 5945'),(30,'Adelheid','agummiet@paypal.com','Female','+48 933 348 8700'),(31,'Che','cwaterfallu@imdb.com','Male','+1 515 708 9083'),(32,'Hestia','hlaughnanv@ox.ac.uk','Female','+7 190 294 6901'),(33,'Javier','jdavydychevw@businessinsider.com','Male','+381 588 161 6999'),(34,'Lian','lollcottx@bing.com','Non-binary','+255 599 715 1661'),(35,'Alwin','aaulsfordy@nymag.com','Male','+1 417 452 8232'),(36,'Pip','psalvadorez@jimdo.com','Male','+62 901 385 4580'),(37,'Hamilton','hhanbury10@weibo.com','Genderqueer','+36 324 833 4750'),(38,'Igor','icrock11@smugmug.com','Genderfluid','+351 815 228 9502'),(39,'Waldon','wterbeck12@nasa.gov','Polygender','+47 988 188 8921'),(40,'Sophey','sainsworth13@youku.com','Genderqueer','+7 354 240 9752'),(41,'Gabbie','gthorouggood14@squidoo.com','Male','+86 467 245 6983'),(42,'Edvard','egallihaulk15@java.com','Male','+359 123 553 1149'),(43,'Davita','dworner16@sciencedaily.com','Female','+357 742 862 4076'),(44,'Sharron','swilton17@ameblo.jp','Female','+63 820 566 7004'),(45,'Tad','tmcgilroy18@discovery.com','Male','+850 144 372 3667'),(46,'Emery','escoon19@histats.com','Male','+234 880 954 8903'),(47,'Beltran','bjesty1a@samsung.com','Male','+223 667 860 4979'),(48,'Caitlin','ccrowcum1b@goo.ne.jp','Female','+1 254 414 5449'),(49,'Ximenes','xcominotti1c@issuu.com','Male','+33 220 719 8325'),(50,'Davida','dmckirdy1d@studiopress.com','Female','+269 249 615 8381'),(51,'Lacy','lmion1e@dailymail.co.uk','Female','+57 377 715 9771'),(52,'Sadie','sgothard1f@pen.io','Female','+52 969 558 2087'),(53,'Cart','cskyram1g@studiopress.com','Male','+593 792 498 8597'),(54,'Pierette','pmcgoon1h@chron.com','Female','+62 483 864 2059'),(55,'Kirsti','kohickee1i@globo.com','Polygender','+51 737 365 1457'),(56,'Chester','chollingshead1j@miitbeian.gov.cn','Bigender','+36 327 484 9183'),(57,'Park','pclewarth1k@ameblo.jp','Male','+1 801 263 6683'),(58,'Clayborn','ckreutzer1l@arizona.edu','Male','+7 899 590 8052'),(59,'Davin','dboice1m@huffingtonpost.com','Male','+63 954 231 8874'),(60,'Lotta','langrick1n@europa.eu','Polygender','+253 731 907 6438'),(61,'Ninetta','nbavester1o@1und1.de','Female','+62 771 666 0280'),(62,'Terra','tchamperlen1p@netlog.com','Female','+98 587 813 4757'),(63,'Penny','preyburn1q@artisteer.com','Polygender','+86 726 577 3746'),(64,'Samantha','sduesbury1r@berkeley.edu','Female','+86 921 508 3147'),(65,'Eddie','emadgin1s@dyndns.org','Male','+502 496 371 4096'),(66,'Ashlee','abrychan1t@newsvine.com','Female','+86 112 116 2303'),(67,'Meredith','mboothjarvis1u@biglobe.ne.jp','Female','+54 291 614 1488'),(68,'Kristoforo','kheiden1v@cisco.com','Male','+63 605 413 3987'),(69,'Ruthi','rdoohey1w@indiegogo.com','Female','+381 962 287 5360'),(70,'Tansy','tstearn1x@ucoz.com','Female','+63 941 275 7423'),(71,'Moshe','mcossentine1y@feedburner.com','Male','+7 793 725 8187'),(72,'Myrtie','mbeaglehole1z@altervista.org','Female','+7 867 347 3296'),(73,'Corine','cyanson20@bluehost.com','Female','+62 872 582 8262'),(74,'Ryan','rsadgrove21@nytimes.com','Male','+48 933 755 5707'),(75,'Berny','bsibbert22@epa.gov','Male','+86 909 547 1604'),(76,'Cleon','crippon23@xinhuanet.com','Male','+1 501 358 2458'),(77,'Allan','avalero24@nhs.uk','Male','+51 250 512 6814'),(78,'Bjorn','blightbody25@taobao.com','Male','+7 957 690 0404'),(79,'Samaria','someara26@ucoz.com','Female','+62 666 114 2463'),(80,'Carlene','cvickors27@dedecms.com','Female','+27 433 164 3158'),(81,'Zahara','zfabbro28@flavors.me','Female','+86 562 778 0697'),(82,'Desi','divanisov29@illinois.edu','Agender','+389 781 634 7200'),(83,'Saul','sbullock2a@nationalgeographic.com','Male','+63 445 323 0529'),(84,'Seward','santonellini2b@bbb.org','Male','+994 845 211 1921'),(85,'Gregg','gvoff2c@canalblog.com','Male','+63 421 339 7106'),(86,'Tuck','tcrohan2d@shutterfly.com','Male','+86 294 648 5740'),(87,'Holt','hpydcock2e@imageshack.us','Male','+386 302 643 3091'),(88,'Maryanne','mscutter2f@purevolume.com','Female','+48 841 463 5747'),(89,'Isa','ijenicke2g@sohu.com','Female','+966 741 773 9174'),(90,'Sheela','scoupar2h@devhub.com','Female','+237 845 339 2607'),(91,'Hobey','hgauvin2i@plala.or.jp','Male','+386 673 156 7125'),(92,'Nichole','nhowgego2j@dailymail.co.uk','Male','+46 568 295 5892'),(93,'Neala','nrisebarer2k@kickstarter.com','Female','+52 394 519 4649'),(94,'Aaron','abreach2l@bigcartel.com','Male','+60 335 312 2444'),(95,'Berty','bmccallion2m@reuters.com','Male','+63 926 627 7533'),(96,'Irving','igjerde2n@shutterfly.com','Male','+62 376 606 1175'),(97,'Em','emanoelli2o@kickstarter.com','Male','+66 336 336 3858'),(98,'Pattin','pbutterworth2p@wikispaces.com','Male','+52 182 147 1598'),(99,'Sonja','sgebhard2q@myspace.com','Female','+54 154 975 0072'),(100,'Sherry','sheindrick2r@shop-pro.jp','Female','+63 869 475 5198'),(101,'Ramsay','rcaret2s@infoseek.co.jp','Male','+216 278 201 0966'),(102,'Fiann','fpennicard2t@google.com.br','Female','+92 428 656 6194'),(103,'Niall','nguyonneau2u@nymag.com','Male','+55 831 128 6176'),(104,'Winny','wspinke2v@fema.gov','Male','+63 886 302 3495'),(105,'Phil','pbarthel2w@chron.com','Male','+260 664 984 3350'),(106,'Ginevra','gbernhart2x@aboutads.info','Female','+81 530 482 3161'),(107,'Ardelle','aalthorpe2y@usa.gov','Female','+46 235 554 0232'),(108,'Bevon','bbahls2z@theguardian.com','Male','+62 827 132 3709'),(109,'Flin','ftudor30@trellian.com','Male','+54 231 323 1520'),(110,'Early','eschleswigholstein31@netscape.com','Male','+420 198 334 3317'),(111,'Hillel','hgawthrop32@ask.com','Male','+48 541 341 3045'),(112,'Abbie','ajeffcoate33@pinterest.com','Male','+33 416 447 8417'),(113,'Anselm','aondricek34@washingtonpost.com','Male','+93 952 654 4452'),(114,'Katlin','kburdis35@prlog.org','Female','+86 318 510 9696'),(115,'Sibyl','sbrunsen36@twitpic.com','Male','+420 636 900 0067'),(116,'Dode','dfannin37@liveinternet.ru','Female','+7 923 319 7517'),(117,'Ignacio','iridgwell38@fotki.com','Male','+46 225 165 2258'),(118,'Domeniga','dmcmullen39@addtoany.com','Polygender','+48 178 225 5487'),(119,'Rosemary','rcaizley3a@fc2.com','Female','+66 331 477 7146'),(120,'Joby','jhaines3b@nbcnews.com','Female','+60 611 823 6296'),(121,'Rodger','rmundell3c@toplist.cz','Male','+86 444 379 8795'),(122,'Montgomery','mcleaver3d@microsoft.com','Male','+81 174 317 3421'),(123,'Lindy','libel3e@behance.net','Male','+595 736 468 4772'),(124,'Levi','lsherrell3f@ibm.com','Non-binary','+7 153 713 3286'),(125,'Hersh','hstoddart3g@webmd.com','Male','+62 920 930 5638'),(126,'Brent','bclaw3h@cpanel.net','Male','+420 240 922 5285'),(127,'Heath','hrisbridger3i@studiopress.com','Agender','+62 696 216 8888'),(128,'Priscella','perington3j@dot.gov','Female','+7 436 294 2118'),(129,'Armin','amordacai3k@booking.com','Male','+55 502 110 3643'),(130,'Shanna','sfasse3l@ebay.co.uk','Non-binary','+46 466 619 3904'),(131,'Olive','ovandenvelden3m@yolasite.com','Female','+66 297 811 9581'),(132,'Zorina','zbasnett3n@senate.gov','Female','+502 883 181 4073'),(133,'Trina','ttaverner3o@toplist.cz','Female','+86 659 358 7973'),(134,'Gilli','gmissington3p@1und1.de','Female','+63 591 236 5940'),(135,'Man','mkerins3q@blogtalkradio.com','Male','+98 849 170 1383'),(136,'Leonid','lboosey3r@usgs.gov','Male','+235 495 535 3814'),(137,'Friederike','fvyvyan3s@wordpress.com','Female','+62 976 580 8475'),(138,'Sacha','sfrapwell3t@indiegogo.com','Female','+86 970 779 6193'),(139,'Damien','dmateev3u@purevolume.com','Male','+48 231 589 4522'),(140,'Georgy','gjandac3v@parallels.com','Male','+48 127 967 0961'),(141,'Gibby','gniblo3w@ed.gov','Male','+66 835 536 2015'),(142,'Cammy','calejandri3x@unicef.org','Male','+93 151 387 9334'),(143,'Pail','peschalotte3y@home.pl','Male','+46 134 367 1919'),(144,'Devland','dcusack3z@photobucket.com','Male','+7 225 731 7123'),(145,'Moishe','mwharf40@businessinsider.com','Male','+48 706 143 7237'),(146,'Basil','bjovey41@i2i.jp','Non-binary','+92 532 753 6092'),(147,'Polly','pmackneis42@ask.com','Female','+359 891 522 9879'),(148,'Gottfried','gmacteague43@usda.gov','Male','+57 221 928 0031'),(149,'Cloe','cmaffioni44@google.com','Female','+52 656 353 0018'),(150,'Ezri','ehalston45@youtube.com','Polygender','+237 347 696 5318'),(151,'Ursa','umauger46@latimes.com','Female','+86 966 177 2088'),(152,'Gunar','gvaughanhughes47@independent.co.uk','Male','+54 674 577 5415'),(153,'Inglis','idunnaway48@seesaa.net','Male','+55 820 323 3127'),(154,'Tabor','tfilipic49@shop-pro.jp','Male','+55 355 660 6242'),(155,'Linus','ldragge4a@prweb.com','Male','+86 184 566 7895'),(156,'Corri','cchicchelli4b@reuters.com','Female','+81 940 288 7459'),(157,'Menard','mloukes4c@google.es','Male','+86 528 745 4312'),(158,'Isabeau','igerraty4d@elegantthemes.com','Female','+420 416 982 9229'),(159,'Coletta','cweaben4e@yelp.com','Female','+267 616 937 1627'),(160,'Ellie','ecorten4f@irs.gov','Female','+7 577 587 4557'),(161,'Sheilah','spineaux4g@indiatimes.com','Female','+351 164 240 1213'),(162,'Kendell','kdessaur4h@businesswire.com','Male','+62 641 496 3278'),(163,'Lolly','lkeddy4i@cyberchimps.com','Female','+223 734 124 3461'),(164,'Missie','mstocky4j@1688.com','Female','+351 228 761 5969'),(165,'Cully','cpordal4k@wordpress.org','Male','+235 627 971 0165'),(166,'Dean','dsoff4l@feedburner.com','Male','+33 874 186 8205'),(167,'Janeczka','jlatorre4m@apple.com','Female','+60 884 498 4799'),(168,'Idalina','igorries4n@virginia.edu','Female','+261 885 907 3586'),(169,'Woody','wkewley4o@dropbox.com','Genderfluid','+420 459 781 1516'),(170,'Willem','wkristof4p@businessinsider.com','Male','+86 376 520 4486'),(171,'Klaus','ksimone4q@desdev.cn','Male','+380 706 867 6976'),(172,'Farlee','fmeegan4r@mapy.cz','Male','+7 333 447 7047'),(173,'Hilliary','hovens4s@printfriendly.com','Female','+63 991 488 1868'),(174,'Floris','ftierney4t@webs.com','Polygender','+57 956 471 5773'),(175,'Imelda','idolman4u@cyberchimps.com','Female','+994 829 287 0708'),(176,'Millicent','mwoodfine4v@mit.edu','Female','+20 925 618 1122'),(177,'Ginelle','ghandy4w@gmpg.org','Female','+81 477 102 9356'),(178,'Mayer','moaker4x@wordpress.com','Male','+227 107 549 4126'),(179,'Deonne','dthorowgood4y@nymag.com','Female','+420 638 934 4435'),(180,'Aigneis','aholyard4z@msu.edu','Female','+230 979 416 5219'),(181,'Nert','nmalden50@webs.com','Female','+82 626 546 6146'),(182,'Edmon','epessler51@diigo.com','Male','+27 341 110 3791'),(183,'Northrop','nshackell52@nbcnews.com','Male','+48 484 280 1397'),(184,'Berti','bleall53@nsw.gov.au','Male','+66 654 384 4986'),(185,'Hy','hwylam54@ucla.edu','Male','+358 236 392 0336'),(186,'Lucie','lroke55@nyu.edu','Female','+62 205 672 5107'),(187,'Jessie','jmacilraith56@weebly.com','Male','+64 288 788 7554'),(188,'Antons','aferdinand57@ft.com','Male','+850 114 332 1508'),(189,'Beauregard','bdoward58@wsj.com','Male','+7 981 942 5205'),(190,'Myrna','mtregido59@ed.gov','Female','+1 475 709 0779'),(191,'Lynn','ldudderidge5a@sourceforge.net','Female','+86 943 491 8951'),(192,'Aubry','asamwaye5b@berkeley.edu','Female','+66 521 832 2730'),(193,'Rowland','rpinckney5c@netvibes.com','Male','+880 216 795 9556'),(194,'Meryl','mtatum5d@sbwire.com','Male','+86 410 959 2736'),(195,'Ardelis','asimpkins5e@alexa.com','Female','+7 610 159 3129'),(196,'Norri','nschurig5f@si.edu','Female','+86 134 156 7458'),(197,'Martelle','mboots5g@so-net.ne.jp','Female','+7 874 386 9118'),(198,'Panchito','pmarder5h@w3.org','Male','+7 987 160 1132'),(199,'Diarmid','dchessman5i@list-manage.com','Male','+1 602 206 9182'),(200,'Ford','fgreser5j@wikia.com','Male','+47 401 929 7598'),(201,'Linnet','lsloan5k@yelp.com','Female','+375 220 293 8689'),(202,'Arly','awallsworth5l@networkadvertising.org','Female','+62 751 314 8663'),(203,'Delmer','ddobey5m@weebly.com','Male','+86 501 349 1793'),(204,'Harp','hcasewell5n@smugmug.com','Male','+33 745 108 5966'),(205,'Salim','shaugh5o@wired.com','Male','+216 355 379 9918'),(206,'Guillermo','groyall5p@nhs.uk','Male','+33 553 203 9958'),(207,'Antonin','aashbey5q@prweb.com','Male','+7 563 162 3860'),(208,'Freda','fclowney5r@msu.edu','Female','+81 562 514 8367'),(209,'Anna','astrut5s@drupal.org','Female','+385 896 479 7045'),(210,'Monah','msherwyn5t@amazon.co.jp','Female','+62 697 826 3143'),(211,'Addie','alearmont5u@last.fm','Male','+355 373 844 5265'),(212,'Ulysses','uvannet5v@opensource.org','Male','+86 199 945 6766'),(213,'Pooh','psego5w@github.com','Male','+55 419 454 2986'),(214,'Orly','oharriagn5x@bloglines.com','Female','+234 621 352 4580'),(215,'Theressa','tevitts5y@123-reg.co.uk','Genderfluid','+63 510 656 2611'),(216,'Krystle','kswinney5z@tmall.com','Genderfluid','+358 492 147 8367'),(217,'Burl','bspivey60@bbc.co.uk','Male','+62 225 249 0192'),(218,'Angelle','aschwandt61@simplemachines.org','Female','+86 684 376 9608'),(219,'Flore','fpaddeley62@independent.co.uk','Female','+62 821 603 4763'),(220,'Maurise','mcradoc63@com.com','Male','+48 113 845 4330'),(221,'Clayton','cjarritt64@economist.com','Male','+39 900 633 3525'),(222,'Meade','mplumptre65@oakley.com','Female','+216 614 351 9469'),(223,'Roth','rdemeter66@omniture.com','Genderfluid','+94 683 914 4206'),(224,'Leopold','lhalwell67@ucoz.com','Male','+86 560 811 4623'),(225,'Ava','aroyson68@php.net','Female','+1 310 367 5271'),(226,'Cherye','cslimings69@engadget.com','Polygender','+62 668 120 9362'),(227,'Raviv','rdolle6a@addtoany.com','Male','+93 786 329 0101'),(228,'Alphonse','abrookzie6b@mtv.com','Male','+55 916 261 1604'),(229,'Eustace','ekaspar6c@trellian.com','Male','+84 330 807 9831'),(230,'Merrielle','mkidston6d@nydailynews.com','Female','+63 622 422 3153'),(231,'Aigneis','aphillippo6e@go.com','Female','+62 349 403 1376'),(232,'Leonore','lgittose6f@newyorker.com','Polygender','+48 692 985 7508'),(233,'Norene','nkewley6g@npr.org','Female','+1 828 854 7153'),(234,'Rowan','rfields6h@privacy.gov.au','Male','+82 135 283 9052'),(235,'Rinaldo','rdurante6i@tumblr.com','Male','+1 517 766 1979'),(236,'Sayres','sdesouza6j@google.com.au','Male','+351 507 174 7571'),(237,'Petra','psnelgar6k@creativecommons.org','Female','+30 897 878 8057'),(238,'Leonelle','ljosipovitz6l@hexun.com','Female','+54 323 597 0957'),(239,'Reine','rcosely6m@ovh.net','Female','+86 608 587 4945'),(240,'Blaire','bferriby6n@qq.com','Female','+62 517 229 0921'),(241,'Lesly','lcondict6o@statcounter.com','Genderfluid','+45 501 280 5494'),(242,'Brion','badao6p@blogspot.com','Male','+967 215 873 2115'),(243,'Radcliffe','rborrington6q@vk.com','Male','+86 309 557 5494'),(244,'Maegan','mlamplough6r@vkontakte.ru','Female','+55 255 988 2744'),(245,'Emile','ebellow6s@barnesandnoble.com','Male','+60 189 578 8524'),(246,'Jessee','jhymans6t@sphinn.com','Male','+48 260 173 5454'),(247,'Culley','cmorgue6u@buzzfeed.com','Male','+86 430 475 5266'),(248,'Cathlene','cblayney6v@wikia.com','Female','+33 673 250 1131'),(249,'Ulick','ureinger6w@twitpic.com','Male','+7 720 490 8385'),(250,'Karlis','knorvell6x@hp.com','Male','+86 797 935 1243'),(251,'Nicolle','nbelmont6y@apple.com','Female','+33 559 278 8769'),(252,'Almeta','asmallshaw6z@mail.ru','Female','+7 790 456 0299'),(253,'Atalanta','aburnie70@techcrunch.com','Female','+62 393 614 1520'),(254,'Joni','jjosey71@instagram.com','Female','+33 504 819 0039'),(255,'Koressa','kmacwhan72@hhs.gov','Female','+62 804 150 9169'),(256,'Dag','dregorz73@state.gov','Male','+7 417 430 9328'),(257,'Walliw','wcavozzi74@ed.gov','Female','+86 568 286 8647'),(258,'Ebenezer','etinmouth75@ehow.com','Male','+33 522 510 2067'),(259,'Jade','joxbe76@comcast.net','Female','+972 832 900 6951'),(260,'Pavlov','parni77@skyrock.com','Male','+48 966 392 5055'),(261,'Doyle','dbelham78@plala.or.jp','Male','+46 262 834 6303'),(262,'Evvy','ebussy79@cam.ac.uk','Female','+1 867 899 3621'),(263,'Shana','singlese7a@list-manage.com','Female','+7 681 354 0003'),(264,'Hussein','hfisbey7b@fc2.com','Male','+224 193 508 4233'),(265,'Raimundo','rcherrison7c@lycos.com','Male','+55 881 368 3514'),(266,'Dolley','dcrebott7d@bandcamp.com','Female','+86 279 880 4791'),(267,'Ransell','rstygall7e@trellian.com','Agender','+7 529 278 0930'),(268,'Kasey','khubatsch7f@ebay.com','Agender','+55 652 442 7721'),(269,'Marsh','mscala7g@123-reg.co.uk','Polygender','+351 696 704 6775'),(270,'Derron','dgreystock7h@chron.com','Male','+62 705 895 1524'),(271,'Clementina','ckimber7i@bigcartel.com','Agender','+7 523 121 0311'),(272,'Blaine','bjowett7j@shareasale.com','Male','+48 428 259 5484'),(273,'Douglass','dbillingsly7k@cafepress.com','Non-binary','+62 290 614 2641'),(274,'Hercules','hwilliamson7l@nasa.gov','Genderfluid','+62 473 644 9669'),(275,'Jarrett','jgarms7m@squidoo.com','Male','+86 170 688 9418'),(276,'Nev','ngunningham7n@businesswire.com','Male','+33 631 130 9961'),(277,'Alfons','anickell7o@arstechnica.com','Male','+55 725 761 5316'),(278,'Onofredo','obuckston7p@sitemeter.com','Male','+1 915 319 6516'),(279,'Aubrette','ajudkin7q@amazon.com','Female','+62 169 348 5912'),(280,'Carry','cagutter7r@washington.edu','Female','+46 153 973 6898'),(281,'Tulley','tpindell7s@e-recht24.de','Male','+81 766 733 4088'),(282,'Raye','rmawby7t@exblog.jp','Female','+387 162 651 1074'),(283,'Beulah','bcaswall7u@scribd.com','Female','+46 937 476 2174'),(284,'Marcos','mblakeney7v@sphinn.com','Male','+994 462 114 2183'),(285,'Mersey','mbexon7w@mysql.com','Female','+51 655 739 1261'),(286,'Cinnamon','cgladdis7x@cargocollective.com','Female','+504 317 295 7178'),(287,'Yasmin','yweatherill7y@wp.com','Female','+1 863 771 2316'),(288,'Katalin','kbutner7z@mediafire.com','Female','+82 335 682 8026'),(289,'Chaddie','cmcjerrow80@istockphoto.com','Male','+45 280 163 6166'),(290,'Harold','hplues81@who.int','Male','+33 383 105 5119'),(291,'Derward','dnoke82@barnesandnoble.com','Male','+86 191 848 4017'),(292,'Christophorus','clovelady83@icio.us','Male','+55 337 449 8619'),(293,'Agathe','adanby84@webeden.co.uk','Female','+86 187 635 8019'),(294,'Annabell','asimonite85@furl.net','Female','+81 385 773 8293'),(295,'Bevvy','bshama86@spotify.com','Female','+30 117 954 3475'),(296,'Lennard','lwiggans87@wordpress.org','Male','+86 921 788 8535'),(297,'Frasquito','frafe88@tiny.cc','Genderfluid','+86 527 829 0797'),(298,'Clerkclaude','celmer89@forbes.com','Genderqueer','+62 736 144 1653'),(299,'Eduard','ediscombe8a@dedecms.com','Male','+354 518 928 9891'),(300,'Ric','rpays8b@cafepress.com','Male','+47 218 512 6612'),(301,'Iago','ipash8c@instagram.com','Male','+33 481 702 0020'),(302,'Dona','dcampelli8d@google.com.au','Female','+420 350 959 0909'),(303,'Kettie','kcroson8e@umich.edu','Female','+81 976 808 5211'),(304,'Crawford','cpawling8f@wufoo.com','Male','+7 491 823 8968'),(305,'Fiona','fwestby8g@etsy.com','Female','+62 105 379 6054'),(306,'Alexandr','afourcade8h@cdc.gov','Male','+63 366 880 6549'),(307,'Harrietta','hhuzzey8i@blinklist.com','Female','+86 866 620 1294'),(308,'Virgie','vcolbron8j@oaic.gov.au','Female','+234 738 581 7145'),(309,'Jarib','jjaxon8k@mozilla.org','Male','+48 745 510 8764'),(310,'Carlita','cbryan8l@people.com.cn','Female','+420 216 567 7086'),(311,'Ebonee','eyantsurev8m@twitpic.com','Female','+7 764 798 3517'),(312,'Katti','kcastano8n@twitpic.com','Female','+86 473 940 7714'),(313,'Olav','ogoldring8o@gnu.org','Male','+81 870 625 7724'),(314,'Nate','nheinish8p@canalblog.com','Male','+7 342 298 1540'),(315,'Jeffry','jslafford8q@xinhuanet.com','Male','+86 399 169 2495'),(316,'Dania','dblick8r@gizmodo.com','Female','+86 552 203 6681'),(317,'Roze','rmaccafferky8s@youtube.com','Female','+55 431 597 9851'),(318,'Danice','dsterrie8t@telegraph.co.uk','Female','+62 888 160 8986'),(319,'Julie','jbrownfield8u@whitehouse.gov','Male','+86 274 960 2540'),(320,'Vanya','vshelp8v@dagondesign.com','Female','+961 970 710 8734'),(321,'Melonie','mlancashire8w@jugem.jp','Genderfluid','+385 900 267 6611'),(322,'Baryram','bwalbridge8x@dion.ne.jp','Male','+86 474 406 1936'),(323,'Jefferson','jnickerson8y@upenn.edu','Male','+375 108 951 1175'),(324,'Matt','mdanzig8z@ifeng.com','Male','+86 842 378 1263'),(325,'Pail','pgooddy90@cdbaby.com','Male','+27 774 184 2447'),(326,'Kermie','ksackur91@com.com','Male','+86 475 654 6480'),(327,'Teador','tgritskov92@amazon.co.jp','Male','+381 481 782 7582'),(328,'Robinet','rsamples93@fotki.com','Female','+62 482 364 7801'),(329,'Crawford','cforce94@reference.com','Male','+62 104 932 5010'),(330,'Isabel','imcettrick95@buzzfeed.com','Female','+358 325 725 2133'),(331,'Rurik','rvoules96@stumbleupon.com','Male','+33 749 936 6592'),(332,'Catriona','cmecchi97@google.com.hk','Female','+93 694 168 1567'),(333,'Eolande','edansey98@dyndns.org','Female','+31 688 766 0056'),(334,'Gun','gvaisey99@elegantthemes.com','Male','+62 154 424 6497'),(335,'Vonnie','vferroli9a@boston.com','Female','+86 663 728 0593'),(336,'Lyon','lonians9b@princeton.edu','Male','+7 407 888 8268'),(337,'Timotheus','tcushe9c@tripod.com','Male','+66 610 792 2199'),(338,'Theo','tnewbegin9d@skyrock.com','Male','+86 683 667 5348'),(339,'Yul','yclack9e@bloomberg.com','Male','+62 679 200 0419'),(340,'Kincaid','kbeeken9f@mapy.cz','Male','+223 122 379 0328'),(341,'Wilton','wmorteo9g@mysql.com','Genderfluid','+359 244 257 9398'),(342,'Angelica','agildersleaves9h@wikimedia.org','Agender','+1 954 394 0359'),(343,'Deeann','dparslow9i@behance.net','Female','+30 332 648 0518'),(344,'Fayina','ffurlonge9j@bbb.org','Female','+86 688 619 6955'),(345,'Berke','bshooter9k@skype.com','Male','+372 137 180 1250'),(346,'Batholomew','bcreagh9l@netscape.com','Male','+501 766 492 3962'),(347,'Jeremie','jhollows9m@merriam-webster.com','Male','+60 639 330 7735'),(348,'Verne','vjeyness9n@scribd.com','Male','+62 962 995 1401'),(349,'Rani','rofeeny9o@mit.edu','Female','+86 218 289 5411'),(350,'Clair','csign9p@nytimes.com','Female','+7 315 976 2899'),(351,'Hartley','hstuddeard9q@ucoz.ru','Male','+81 346 241 6010'),(352,'Jacob','jwabb9r@eepurl.com','Male','+81 825 380 1186'),(353,'Jermain','jkrale9s@chronoengine.com','Male','+86 771 761 2134'),(354,'Latia','lcorden9t@huffingtonpost.com','Female','+33 686 722 3766'),(355,'Maxie','mmiall9u@intel.com','Male','+57 729 351 4488'),(356,'Martie','mmcfetridge9v@aol.com','Male','+53 669 819 3887'),(357,'Leigha','lvero9w@deliciousdays.com','Non-binary','+351 462 446 4601'),(358,'Brianna','bforestel9x@toplist.cz','Female','+86 438 765 3962'),(359,'Egor','egantzman9y@jiathis.com','Polygender','+353 980 314 6301'),(360,'Duff','dlafoy9z@geocities.jp','Male','+251 673 725 9642'),(361,'Willabella','wmackeretha0@tamu.edu','Female','+62 746 168 0808'),(362,'Odele','omapstonea1@bloomberg.com','Female','+81 470 314 6143'),(363,'Saloma','sgengea2@google.pl','Female','+81 844 777 3911'),(364,'Gaspard','gmacgianya3@wikispaces.com','Male','+62 598 223 0349'),(365,'Craig','caventa4@ft.com','Male','+62 879 570 8237'),(366,'Skyler','saitchesona5@timesonline.co.uk','Male','+86 605 340 4336'),(367,'Otes','oharmana6@yale.edu','Bigender','+592 187 622 3480'),(368,'Cyrille','cregoa7@oaic.gov.au','Male','+86 691 991 3717'),(369,'Devora','dkunnekea8@dropbox.com','Female','+7 378 198 9227'),(370,'Fredrika','farlidgea9@globo.com','Bigender','+48 622 346 9771'),(371,'Erwin','ehaggerstoneaa@netlog.com','Male','+57 175 681 6099'),(372,'Adela','ameriothab@bigcartel.com','Female','+251 920 854 2092'),(373,'Bethina','bbummfreyac@webs.com','Female','+677 778 235 7405'),(374,'Ainslie','aomearaad@cbc.ca','Female','+30 362 200 7602'),(375,'Luther','lbastardae@adobe.com','Male','+52 122 275 1364'),(376,'Zorina','zknowlleraf@imgur.com','Female','+63 296 959 3248'),(377,'Zilvia','zflayag@ebay.com','Female','+86 577 434 9884'),(378,'Sherwin','sgoodwellah@nbcnews.com','Male','+355 904 572 9601'),(379,'Corey','cdovidianai@japanpost.jp','Male','+86 306 212 6884'),(380,'Candie','ccoverlyaj@ustream.tv','Female','+86 869 213 5352'),(381,'Pegeen','pthingak@cyberchimps.com','Female','+1 339 779 7143'),(382,'Tadio','tmoranal@photobucket.com','Male','+52 474 651 7091'),(383,'Audre','amageram@cdc.gov','Female','+86 784 715 7358'),(384,'Gill','gduplantieran@goo.gl','Male','+62 205 220 3218'),(385,'Wendeline','wpaternosterao@lulu.com','Female','+86 796 816 3065'),(386,'Olivero','ofirleap@i2i.jp','Male','+33 895 136 4283'),(387,'Kerrill','kmacallenaq@google.com.au','Female','+48 170 457 8257'),(388,'Red','rjekelar@ucla.edu','Male','+7 117 525 5650'),(389,'Raymond','rtoulamainas@artisteer.com','Male','+86 361 512 2783'),(390,'Anastassia','abarnewallat@geocities.jp','Female','+967 563 580 4424'),(391,'Fiann','fdasentau@blogs.com','Genderfluid','+86 921 687 6206'),(392,'Sergei','sgonsaloav@themeforest.net','Male','+55 472 751 0169'),(393,'Sheelah','schampionnetaw@google.nl','Female','+86 540 138 4139'),(394,'Sterne','sriddochax@youtu.be','Male','+7 360 309 0365'),(395,'Merle','mbartensay@ucla.edu','Male','+48 933 667 9264'),(396,'Alice','acuffeaz@prweb.com','Female','+359 204 871 5895'),(397,'Kean','kdortonb0@tmall.com','Male','+86 524 133 2217'),(398,'Joelie','jfarloweb1@google.co.jp','Female','+994 671 805 7899'),(399,'Ross','rnivenb2@gnu.org','Male','+86 123 298 1388'),(400,'Conny','cpinerb3@nydailynews.com','Bigender','+63 520 126 3183'),(401,'Myrta','mlosseljongb4@businessinsider.com','Agender','+374 733 964 5028'),(402,'Angelle','aicetonb5@gmpg.org','Polygender','+967 961 809 0953'),(403,'Allistir','akennionb6@free.fr','Male','+86 935 854 6891'),(404,'Elberta','esimchenkob7@apache.org','Female','+372 410 118 1153'),(405,'Letta','lsellickb8@wsj.com','Female','+63 730 789 2786'),(406,'Lyndel','lgrimmolbyb9@toplist.cz','Female','+27 336 715 6145'),(407,'Godart','gtitmarshba@yolasite.com','Male','+86 612 819 5351'),(408,'Rosaline','rhalpinbb@imdb.com','Female','+1 339 356 1036'),(409,'Toddy','tjennisonbc@hatena.ne.jp','Male','+52 555 232 7476'),(410,'Alair','ahearstbd@godaddy.com','Male','+57 809 175 8506'),(411,'Brynna','bashenhurstbe@cisco.com','Female','+63 545 981 2324'),(412,'Bessie','beulerbf@wikispaces.com','Female','+63 801 975 8614'),(413,'Jeremias','jwinkettbg@hud.gov','Male','+63 360 860 0466'),(414,'Adamo','aroperbh@ucla.edu','Male','+55 115 366 7440'),(415,'Barrie','blorkinbi@google.de','Male','+51 135 795 6791'),(416,'Marena','mdudeniebj@comsenz.com','Female','+51 847 911 7636'),(417,'Allsun','apinardbk@about.me','Female','+86 969 529 4488'),(418,'Sherm','strehearnbl@lycos.com','Male','+420 345 169 6273'),(419,'Sutherlan','sbambbm@ca.gov','Male','+86 219 658 7234'),(420,'Constantino','clabbezbn@moonfruit.com','Genderfluid','+1 309 205 3708'),(421,'Bonnee','bruthvenbo@ihg.com','Female','+63 654 961 6893'),(422,'Ermanno','eextilbp@va.gov','Male','+420 480 193 7860'),(423,'Caz','ctrollopebq@wikia.com','Male','+7 290 850 6078'),(424,'Wade','wwasselinbr@arizona.edu','Male','+420 147 342 8766'),(425,'Dyan','dmancktelowbs@artisteer.com','Female','+593 262 164 5173'),(426,'Odey','omcphelimbt@hubpages.com','Male','+81 312 572 7211'),(427,'Cash','cgiamellibu@photobucket.com','Male','+30 629 569 2758'),(428,'Ashil','aedensbv@archive.org','Female','+92 223 109 4989'),(429,'Kermit','kslavinbw@arstechnica.com','Male','+353 904 821 2946'),(430,'Saidee','smcconnelbx@free.fr','Female','+7 420 646 8013'),(431,'Tova','tcicconeby@sphinn.com','Female','+81 346 712 5353'),(432,'Slade','sdorrianbz@ftc.gov','Male','+380 364 450 6708'),(433,'Sergeant','sstorkesc0@tamu.edu','Male','+57 593 914 4243'),(434,'Maddie','mpinchesc1@google.es','Male','+62 258 489 1016'),(435,'Darsey','dcroyc2@jalbum.net','Female','+351 664 354 5602'),(436,'Ludovico','ljustisc3@theglobeandmail.com','Male','+62 601 155 3312'),(437,'Ely','eiscowitzc4@latimes.com','Male','+355 887 801 9884'),(438,'Winston','wkemstonc5@rambler.ru','Male','+260 978 882 3702'),(439,'Nicol','nnewlync6@diigo.com','Male','+20 650 832 3307'),(440,'Ase','agoodleyc7@ehow.com','Male','+976 120 242 9597'),(441,'Cassondra','cbeamsonc8@wiley.com','Female','+1 631 466 1853'),(442,'Dudley','dcheneyc9@cocolog-nifty.com','Male','+86 905 681 4898'),(443,'Claudetta','clambalca@who.int','Female','+351 150 431 9848'),(444,'Madeline','mnestorcb@sakura.ne.jp','Female','+47 847 201 9432'),(445,'Cyb','cstanmorecc@nps.gov','Female','+58 914 480 5055'),(446,'Jeniece','jalcidecd@java.com','Female','+84 711 816 7211'),(447,'Arney','aamnerce@admin.ch','Male','+46 199 261 2626'),(448,'Nappy','nsawerscf@eepurl.com','Male','+505 641 200 0898'),(449,'Tibold','tlinkletercg@twitter.com','Male','+46 837 126 0342'),(450,'Deeyn','dbothamch@netscape.com','Female','+56 762 771 5293'),(451,'Lexis','lmcchruiterci@lulu.com','Female','+27 805 968 4185'),(452,'Tripp','tepinecj@e-recht24.de','Male','+504 687 815 3092'),(453,'Faulkner','fverryanck@cdbaby.com','Male','+86 962 796 7997'),(454,'Derwin','dviscovicl@networkadvertising.org','Male','+55 678 990 0808'),(455,'Judd','jzecchinicm@comcast.net','Male','+48 818 370 6923'),(456,'Karl','kforseithcn@geocities.jp','Male','+212 245 168 1861'),(457,'Dorolisa','dcarslakeco@google.com.br','Female','+351 305 578 6346'),(458,'Valentijn','vshawyerscp@livejournal.com','Male','+86 843 691 7783'),(459,'Wendy','whuxtablecq@etsy.com','Female','+30 374 875 3262'),(460,'Joanie','jblancowecr@google.ru','Female','+86 987 663 9751'),(461,'Ruthie','rcaesmancs@columbia.edu','Female','+352 238 421 8802'),(462,'Donny','dvannoortct@economist.com','Female','+86 697 376 8872'),(463,'Gayelord','gfavillcu@bloglines.com','Male','+355 863 608 1115'),(464,'Isa','icathiecv@paginegialle.it','Female','+86 649 302 0652'),(465,'Hedvige','hvangocw@princeton.edu','Female','+62 775 595 0446'),(466,'Pammy','pmussingtoncx@webs.com','Female','+86 689 220 6847'),(467,'Rosalinda','rmurtellcy@theatlantic.com','Female','+375 999 582 6001'),(468,'Caria','cshafiercz@netlog.com','Female','+7 649 279 9528'),(469,'Wilow','wnaseyd0@wp.com','Female','+66 487 109 3632'),(470,'Janenna','jtaxd1@si.edu','Female','+998 889 733 7192'),(471,'Otto','omoughtind2@auda.org.au','Male','+86 447 218 1061'),(472,'Burty','bkirkpatrickd3@ibm.com','Male','+57 797 209 5991'),(473,'Therese','tdosdaled4@bandcamp.com','Female','+55 968 479 2709'),(474,'Shannon','swayed5@hugedomains.com','Female','+241 413 540 5187'),(475,'Huntington','hcartlidged6@epa.gov','Male','+420 650 296 3299'),(476,'Kelley','kadamod7@amazon.co.jp','Male','+63 183 875 2928'),(477,'Yehudi','ywittyd8@furl.net','Male','+420 695 792 5036'),(478,'Shaine','sboickd9@sphinn.com','Male','+92 834 510 0567'),(479,'Paolina','pbaseggioda@timesonline.co.uk','Female','+255 960 573 6117'),(480,'Madlin','mmccobbdb@photobucket.com','Female','+86 780 606 5302'),(481,'Sylvan','smcsporondc@nymag.com','Male','+86 143 109 4688'),(482,'Benjy','bsuthworthdd@independent.co.uk','Male','+86 587 904 2311'),(483,'Muffin','mborgde@rakuten.co.jp','Female','+351 737 612 4093'),(484,'Dallas','dfreschidf@fastcompany.com','Male','+82 205 904 1389'),(485,'Lita','lfreardg@gov.uk','Female','+60 362 233 1933'),(486,'Steve','sbramichdh@livejournal.com','Male','+46 576 261 8138'),(487,'Noak','nropsdi@springer.com','Male','+62 399 625 0491'),(488,'Filberto','fleadbetterdj@homestead.com','Male','+420 372 545 8915'),(489,'Alexandros','aholdrendk@wordpress.org','Male','+27 174 551 4750'),(490,'Cairistiona','cjessendl@bloomberg.com','Female','+86 798 507 7280'),(491,'Ossie','oserckdm@altervista.org','Male','+86 220 942 7606'),(492,'Basil','bblackmoordn@canalblog.com','Non-binary','+86 788 144 2715'),(493,'Thayne','tgricewooddo@facebook.com','Male','+7 297 378 7974'),(494,'Romonda','rreveydp@jigsy.com','Female','+975 378 973 1570'),(495,'Sigfrid','sbichenerdq@apache.org','Male','+856 329 264 2025'),(496,'Minetta','mhowsindr@surveymonkey.com','Female','+355 506 191 0421'),(497,'Sarah','sbeacomds@xing.com','Female','+30 272 890 9456'),(498,'Fianna','fkenwortheydt@cbsnews.com','Female','+46 342 212 4277'),(499,'Neville','ndwinedu@istockphoto.com','Genderfluid','+976 663 670 3857'),(500,'Ethelbert','ederelldv@flickr.com','Male','+55 950 805 7148'),(501,'Suzette','scrowedw@blog.com','Female','+86 652 803 0833'),(502,'Walsh','wsandersondx@cbc.ca','Male','+228 612 453 5851'),(503,'Engelbert','eforody@tripadvisor.com','Male','+1 402 575 1075'),(504,'Renae','ragerdz@theatlantic.com','Non-binary','+62 379 287 4923'),(505,'Vernen','vcastletone0@ehow.com','Male','+55 338 729 5574'),(506,'Constantino','crousbye1@latimes.com','Male','+86 123 568 6723'),(507,'Flynn','fgooddiee2@craigslist.org','Male','+54 115 214 7680'),(508,'Cathlene','cbrindleye3@wordpress.org','Female','+62 497 585 9694'),(509,'Abelard','abericke4@blogspot.com','Male','+57 623 621 4358'),(510,'Dani','ddorkine5@ask.com','Female','+976 913 391 0693'),(511,'Heda','hscaliae6@joomla.org','Female','+61 204 207 1681'),(512,'Gareth','ghinschee7@is.gd','Male','+98 265 348 3974'),(513,'Martha','mgirdwoode8@va.gov','Female','+86 798 448 8247'),(514,'Rosalia','rmedde9@livejournal.com','Female','+98 503 955 2334'),(515,'Friedrich','fmilberryea@geocities.com','Male','+63 742 671 5371'),(516,'Hewet','hbothrameb@quantcast.com','Male','+55 368 520 1334'),(517,'Wrennie','wogersec@merriam-webster.com','Female','+55 819 378 5104'),(518,'Nita','nallcoated@ezinearticles.com','Female','+51 387 727 8026'),(519,'Daryle','dgeachee@symantec.com','Male','+86 356 496 0237'),(520,'Munroe','mcudiffef@ucsd.edu','Male','+351 122 807 4143'),(521,'Bibby','bmithuneg@edublogs.org','Female','+55 354 294 3552'),(522,'Albrecht','aiacabuccieh@redcross.org','Male','+670 915 247 9808'),(523,'Lewes','lkunklerei@godaddy.com','Agender','+7 877 814 2202'),(524,'Celestyn','cjollissej@shop-pro.jp','Female','+60 832 136 7739'),(525,'Patty','ptrazziek@printfriendly.com','Male','+27 298 435 4630'),(526,'Jasun','jwathanel@blogger.com','Male','+62 405 743 4424'),(527,'Cate','ccalverem@dropbox.com','Female','+62 494 106 6284'),(528,'Wendye','whulkeen@skype.com','Female','+855 380 640 4957'),(529,'Sharia','smulvagheo@ycombinator.com','Female','+86 819 336 8642'),(530,'Hugues','hbohlingep@squarespace.com','Male','+46 532 452 6881'),(531,'Emmy','ekaruseq@si.edu','Male','+234 822 422 8142'),(532,'Kimbra','kdelgatyer@jimdo.com','Female','+351 927 914 2721'),(533,'Lothario','lengeles@icio.us','Male','+47 430 670 8126'),(534,'Shelba','sboleynet@adobe.com','Female','+7 546 211 9531'),(535,'Noel','namayaeu@yellowpages.com','Female','+86 757 904 7033'),(536,'Bidget','bhabletev@addthis.com','Female','+7 572 421 8745'),(537,'Munmro','mmcgladeew@ning.com','Male','+33 644 148 1723'),(538,'Wanda','wgallamoreex@home.pl','Female','+62 892 848 4295'),(539,'Kaspar','klimerickey@utexas.edu','Male','+86 252 841 3420'),(540,'Zechariah','zdjurevicez@google.pl','Male','+52 858 367 9620'),(541,'Phyllis','pdanslowf0@msu.edu','Female','+504 701 422 4360'),(542,'Nerty','nlochranf1@is.gd','Bigender','+48 923 836 0106'),(543,'Francisco','fcutrissf2@webnode.com','Male','+86 567 933 6031'),(544,'Niccolo','nwoodroofef3@adobe.com','Male','+7 179 312 9057'),(545,'Hy','hlongbothomf4@devhub.com','Male','+387 766 935 1430'),(546,'Fulton','fpadlyf5@51.la','Male','+62 857 848 7478'),(547,'Deborah','dfalkousf6@opera.com','Female','+86 471 969 0054'),(548,'Cordey','cwhittekf7@google.pl','Female','+374 553 808 5696'),(549,'Sarine','sleaknerf8@usa.gov','Female','+63 265 269 4717'),(550,'Mandy','mfranzettif9@oracle.com','Female','+503 213 299 6180'),(551,'Dru','dmerdewfa@huffingtonpost.com','Male','+235 242 118 9328'),(552,'Salvatore','shazelhurstfb@mayoclinic.com','Male','+509 126 562 7996'),(553,'Ranique','rhockeyfc@flavors.me','Female','+86 248 779 4113'),(554,'Killy','kdyefd@slashdot.org','Male','+52 860 681 9021'),(555,'Zia','zpretoriusfe@creativecommons.org','Female','+93 286 485 8147'),(556,'Risa','rspringfordff@msu.edu','Female','+62 726 170 1347'),(557,'Tate','tdalrymplefg@cafepress.com','Female','+212 709 561 7190'),(558,'Zelma','zbrantfh@mapquest.com','Female','+62 708 935 6569'),(559,'Kaila','kfitzalanfi@woothemes.com','Female','+48 757 614 6954'),(560,'Boyd','btansleyfj@eventbrite.com','Male','+976 529 516 4887'),(561,'Janene','jspillanefk@free.fr','Female','+20 945 415 5765'),(562,'Penrod','plipmannfl@comsenz.com','Male','+86 887 763 1244'),(563,'Gerome','gwillfm@instagram.com','Male','+1 352 906 9002'),(564,'Elyse','etallmanfn@mozilla.org','Female','+57 531 146 8394'),(565,'Aguie','amullalyfo@theglobeandmail.com','Male','+63 215 954 7166'),(566,'Rossie','rmallonfp@artisteer.com','Male','+48 782 425 6210'),(567,'Hewitt','hbirkinfq@wikimedia.org','Polygender','+57 873 114 5898'),(568,'Alida','amatitiahofr@yellowpages.com','Female','+7 682 124 6743'),(569,'Kevin','kstaileyfs@dropbox.com','Male','+66 530 518 3452'),(570,'Merilyn','mgilpinft@wikispaces.com','Female','+63 862 403 3726'),(571,'Dan','dgillamfu@elpais.com','Male','+62 784 217 4862'),(572,'Lucienne','lvaninfv@gizmodo.com','Female','+95 578 103 7611'),(573,'Arnaldo','averityfw@shinystat.com','Male','+7 976 489 0437'),(574,'Kayley','kissardfx@wix.com','Genderqueer','+46 700 182 1053'),(575,'Arliene','atourotfy@blinklist.com','Bigender','+970 982 417 5601'),(576,'Clem','cparnallfz@fotki.com','Agender','+66 461 115 7821'),(577,'Leopold','lschwiesog0@tamu.edu','Male','+7 779 828 8089'),(578,'Blancha','bsmalcombeg1@comsenz.com','Female','+62 292 272 8329'),(579,'Gal','gknotteg2@over-blog.com','Genderqueer','+48 628 712 6592'),(580,'Aviva','amcrobbieg3@hp.com','Female','+63 509 874 0313'),(581,'Verney','vdenidgeg4@cnn.com','Male','+20 985 340 6259'),(582,'Patrick','pgiabuzzig5@google.ru','Male','+385 754 550 1728'),(583,'Konstantin','kheyfieldg6@hatena.ne.jp','Male','+46 753 361 7621'),(584,'Grazia','ggalliverg7@yellowbook.com','Female','+7 788 184 4508'),(585,'Dael','dfluryg8@biblegateway.com','Male','+86 484 516 7978'),(586,'Laurens','lrhodefg9@purevolume.com','Male','+86 433 797 0902'),(587,'Gian','gmaddinga@cdbaby.com','Agender','+86 138 993 9784'),(588,'Marielle','mblackallergb@soundcloud.com','Female','+380 178 217 5481'),(589,'Worthington','wballingalgc@slate.com','Male','+389 310 742 2938'),(590,'Meridith','maldingtongd@github.com','Female','+94 836 981 2843'),(591,'Pasquale','pinghamge@flavors.me','Male','+7 530 825 9349'),(592,'Clarice','cmcfetrichgf@si.edu','Female','+46 696 217 7406'),(593,'Laurent','lhartzogsgg@census.gov','Male','+57 393 594 4190'),(594,'Zarla','zdunbletongh@yahoo.co.jp','Female','+62 738 207 1266'),(595,'Indira','ifilyakovgi@yolasite.com','Female','+7 110 513 4899'),(596,'Carry','ctincknellgj@ucoz.ru','Female','+27 769 629 5518'),(597,'Jessey','jpotzoldgk@creativecommons.org','Male','+509 775 554 1682'),(598,'Carly','cjoregl@abc.net.au','Male','+7 958 808 8731'),(599,'Waneta','wguppygm@blog.com','Female','+86 148 377 1963'),(600,'Annamaria','apinkstonegn@51.la','Female','+62 932 819 3878'),(601,'Andres','adedmamgo@nyu.edu','Male','+63 192 443 0705'),(602,'Dare','dwinleygp@google.com','Agender','+1 502 796 8641'),(603,'Hardy','htschirschkygq@yahoo.com','Male','+7 172 407 5045'),(604,'Andeee','avicentgr@odnoklassniki.ru','Female','+963 453 741 3511'),(605,'Isabeau','ihaibelgs@gnu.org','Female','+256 487 291 8561'),(606,'Linell','lpethybridgegt@joomla.org','Female','+48 670 709 7714'),(607,'Ruth','rquinnellygu@hao123.com','Female','+7 518 347 6057'),(608,'Edmund','eboarleysongv@house.gov','Male','+48 409 800 4103'),(609,'Lucie','livanenkovgw@microsoft.com','Female','+62 116 546 0958'),(610,'Dotti','dflecknessgx@shop-pro.jp','Female','+1 202 214 0037'),(611,'Muffin','mhendingy@google.cn','Male','+31 718 975 5318'),(612,'Doyle','dbissillgz@dot.gov','Male','+351 723 609 1718'),(613,'Raye','rhoulth0@yandex.ru','Female','+51 719 182 4514'),(614,'Eba','ecahnh1@berkeley.edu','Genderfluid','+7 720 972 6430'),(615,'Norine','nhinckleyh2@studiopress.com','Female','+57 340 774 8122'),(616,'Von','vascoughh3@cpanel.net','Male','+86 616 190 1925'),(617,'Worthy','wambergerh4@apache.org','Male','+86 695 390 6214'),(618,'Denney','daleksahkinh5@latimes.com','Male','+86 114 526 0841'),(619,'Bail','bhurlestonh6@salon.com','Non-binary','+55 991 395 6007'),(620,'Josh','jchoulertonh7@woothemes.com','Bigender','+7 989 156 8280'),(621,'Jenna','jruzich8@google.pl','Female','+86 716 643 9819'),(622,'Berne','bagassh9@yellowbook.com','Male','+351 114 487 5840'),(623,'Eloise','elillicrapha@is.gd','Female','+63 415 121 4320'),(624,'Kimmy','kfollinhb@cdc.gov','Female','+220 551 573 2192'),(625,'Nealon','ndurramhc@slideshare.net','Male','+62 705 334 1117'),(626,'Jake','jeliescohd@dagondesign.com','Male','+34 508 369 2391'),(627,'Ollie','obuzinhe@foxnews.com','Female','+389 490 730 7138'),(628,'Mahmud','mvalahf@walmart.com','Male','+359 276 796 8621'),(629,'Giacinta','gjerranshg@buzzfeed.com','Female','+970 367 510 2339'),(630,'Celina','cdudmeshhh@salon.com','Female','+46 442 576 0674'),(631,'Sharleen','stesimonhi@pcworld.com','Female','+62 905 417 5567'),(632,'Kassia','kgeanehj@blinklist.com','Female','+1 294 467 8220'),(633,'Else','eleanhk@pen.io','Female','+57 445 697 8456'),(634,'Maria','mmaniehl@netscape.com','Female','+880 849 423 7032'),(635,'Bryon','bendersonhm@kickstarter.com','Male','+86 416 694 3636'),(636,'Raddie','rdenkinhn@booking.com','Agender','+33 733 675 1571'),(637,'Heath','hdalgardnoho@dropbox.com','Male','+55 184 865 1745'),(638,'Coreen','cdrysdellhp@webnode.com','Female','+30 492 936 7767'),(639,'Holmes','hsibyllinahq@deviantart.com','Male','+63 301 355 8702'),(640,'Janaye','jmclachlanhr@tripadvisor.com','Female','+48 719 467 1655'),(641,'Aurelie','aspedronihs@toplist.cz','Female','+62 466 369 7024'),(642,'Tulley','troakeht@ed.gov','Male','+62 332 624 3647'),(643,'Emmalee','esmallpeacehu@amazon.de','Female','+62 774 716 6373'),(644,'Wilow','whildredhv@smh.com.au','Female','+385 438 695 5676'),(645,'Raddie','rsowtehw@pinterest.com','Bigender','+1 913 557 4211'),(646,'Butch','bcussonshx@springer.com','Male','+46 842 311 3665'),(647,'Baxter','bblinkhornhy@nih.gov','Male','+374 285 607 2659'),(648,'Trumann','tvaderhz@vistaprint.com','Male','+380 697 123 3538'),(649,'Land','lrohlfi0@samsung.com','Male','+63 784 753 2184'),(650,'Eziechiele','ehentzei1@oaic.gov.au','Male','+49 749 680 9615'),(651,'Staford','sglanceyi2@epa.gov','Male','+86 803 317 6405'),(652,'Baron','bpascowi3@engadget.com','Male','+7 266 339 5510'),(653,'Claudell','ccoggini4@oracle.com','Male','+233 823 964 3087'),(654,'Patrice','pnowakowskii5@cbc.ca','Female','+234 533 986 2506'),(655,'Berry','bbroyi6@wunderground.com','Female','+238 912 204 2367'),(656,'Lucita','lmollisoni7@earthlink.net','Female','+94 755 195 4076'),(657,'Jefferey','jmcguffi8@smugmug.com','Genderqueer','+57 536 606 8266'),(658,'Edgardo','eedesoni9@npr.org','Male','+420 124 400 4257'),(659,'Betteann','bliefia@newsvine.com','Genderqueer','+7 786 793 2737'),(660,'Rafe','rfaucherandib@house.gov','Male','+63 919 550 0307'),(661,'Austin','asturgesic@marketwatch.com','Female','+62 277 422 7725'),(662,'Danya','droyalid@dmoz.org','Male','+86 861 631 4115'),(663,'Toddie','trablinie@dion.ne.jp','Male','+86 765 552 0210'),(664,'Barnie','bwillavizeif@altervista.org','Male','+84 111 945 1367'),(665,'Dwight','dpassyig@unc.edu','Agender','+86 315 883 1077'),(666,'Wallie','wreddieih@unesco.org','Male','+62 158 146 2525'),(667,'Birdie','bcreweii@europa.eu','Female','+62 462 163 1568'),(668,'Sisile','slocktonij@google.pl','Female','+52 739 701 6593'),(669,'Libbey','lorromik@angelfire.com','Female','+55 864 879 2890'),(670,'Hestia','hlukacsil@printfriendly.com','Female','+55 184 228 4345'),(671,'Domenico','dtraslerim@macromedia.com','Male','+86 743 246 2402'),(672,'Reynard','rfrigoutin@umn.edu','Male','+86 391 715 2763'),(673,'Hayward','hregnardio@java.com','Male','+1 217 797 8497'),(674,'Adrian','agrandhamip@constantcontact.com','Male','+351 467 251 1935'),(675,'Glenn','gdelmonteiq@usatoday.com','Female','+7 407 546 5256'),(676,'Marleen','mrogeonir@skype.com','Female','+93 140 126 5923'),(677,'Alberik','ajewersis@smugmug.com','Male','+505 998 348 2439'),(678,'Dunn','dsaichit@bloglines.com','Male','+92 120 188 5695'),(679,'Rhianna','rtomsaiu@mozilla.com','Female','+86 438 934 1383'),(680,'Sebastien','scathesyediv@behance.net','Male','+86 793 719 7194'),(681,'Curtice','cbogueiw@house.gov','Male','+375 465 660 6955'),(682,'Noreen','ngerramix@phpbb.com','Female','+7 205 579 4264'),(683,'Glennie','gspickiy@smh.com.au','Female','+1 130 661 5619'),(684,'Clea','cminithorpeiz@soup.io','Female','+53 485 392 1873'),(685,'Abbe','amacvayj0@usda.gov','Male','+86 147 764 4512'),(686,'Bevon','bgreevej1@indiatimes.com','Male','+47 659 184 9809'),(687,'Shel','sbrookingj2@exblog.jp','Female','+63 303 632 2351'),(688,'Tiphani','tboddicej3@springer.com','Female','+86 680 392 7060'),(689,'Philip','pyatej4@statcounter.com','Male','+84 990 584 6856'),(690,'Garv','gcobbj5@ezinearticles.com','Non-binary','+86 295 689 5937'),(691,'Deeann','dswirej6@surveymonkey.com','Female','+86 785 404 5559'),(692,'Michel','mvolkersj7@psu.edu','Female','+44 721 293 8357'),(693,'Carmella','cselwynj8@unc.edu','Female','+62 781 554 2033'),(694,'Cary','cvicarj9@nymag.com','Male','+86 150 799 1400'),(695,'Elmore','edriverja@yandex.ru','Male','+1 803 799 4047'),(696,'Inez','izackjb@mlb.com','Female','+7 886 970 3660'),(697,'Tatiana','tcabanjc@gravatar.com','Female','+61 781 839 2518'),(698,'Franni','fgudgenjd@hud.gov','Female','+66 653 527 9690'),(699,'Armand','aredingje@yelp.com','Male','+54 460 463 9070'),(700,'Alena','araffonjf@ifeng.com','Female','+62 994 832 9154'),(701,'Burt','brobjentsjg@ezinearticles.com','Male','+7 651 725 3899'),(702,'Iggy','ibootlandjh@php.net','Male','+86 630 823 8464'),(703,'Falkner','fromeoji@slashdot.org','Male','+855 474 444 7169'),(704,'Nathanil','nrummingsjj@vk.com','Male','+52 753 792 6911'),(705,'Beilul','bogreadyjk@msu.edu','Female','+595 651 841 7338'),(706,'Dyane','dpickringjl@ted.com','Female','+48 248 191 0336'),(707,'Gabriel','gbabinskijm@census.gov','Polygender','+86 191 103 3627'),(708,'Aldo','abagehotjn@upenn.edu','Male','+251 177 671 0181'),(709,'Salvatore','ssolanojo@freewebs.com','Male','+7 999 934 1200'),(710,'Vinnie','vmozzijp@elegantthemes.com','Male','+62 979 185 9460'),(711,'Hal','hgutcherjq@scribd.com','Polygender','+84 405 146 8921'),(712,'Millard','meastonjr@cmu.edu','Male','+66 578 339 9672'),(713,'Linn','lalsoppjs@msu.edu','Polygender','+86 531 928 7043'),(714,'Isidro','icloggjt@moonfruit.com','Male','+420 780 572 4748'),(715,'Clarice','cprestieju@chron.com','Female','+86 160 795 9185'),(716,'Cord','clongbothomjv@mysql.com','Male','+502 693 404 5017'),(717,'Olivie','oloveardjw@usa.gov','Female','+962 163 395 8396'),(718,'Elvyn','eburdjx@si.edu','Male','+93 403 889 0535'),(719,'Chan','cerrickerjy@pcworld.com','Male','+7 587 603 7801'),(720,'Drusie','dkleinstubjz@ibm.com','Female','+62 173 886 0060'),(721,'Calida','ccorderyk0@zimbio.com','Female','+33 837 248 2655'),(722,'Cornell','cmaddyk1@wunderground.com','Male','+850 521 858 6728'),(723,'Marion','mdaensk2@deviantart.com','Male','+503 687 956 9398'),(724,'Eb','eblandfordk3@nhs.uk','Male','+86 692 972 2366'),(725,'Zollie','zhellenk4@si.edu','Male','+86 785 718 7069'),(726,'Jessika','jhenrik5@liveinternet.ru','Agender','+1 602 589 7091'),(727,'Coralyn','cizardk6@fotki.com','Female','+86 331 226 4967'),(728,'Mozes','meborallk7@buzzfeed.com','Male','+33 326 241 7745'),(729,'Antons','asendallk8@bloglines.com','Male','+420 568 908 5564'),(730,'Dane','dgozardk9@themeforest.net','Non-binary','+86 602 142 2430'),(731,'Laetitia','lhutchenska@hhs.gov','Female','+291 351 195 2123'),(732,'Pavel','pneilsonkb@mit.edu','Male','+52 284 511 6369'),(733,'Roslyn','rlaweekc@tinypic.com','Female','+46 415 930 7583'),(734,'Titos','tfortekd@toplist.cz','Male','+33 334 897 4639'),(735,'Madeleine','mbyrdke@globo.com','Female','+234 883 362 0781'),(736,'Falkner','ffedorskikf@shinystat.com','Male','+46 551 910 0493'),(737,'Adrian','aspellaceykg@acquirethisname.com','Female','+46 946 912 7169'),(738,'Glenda','ggoodenoughkh@japanpost.jp','Female','+86 909 647 7249'),(739,'Franklin','ffilipponiki@weibo.com','Male','+57 555 575 5825'),(740,'Bruis','bdaviekj@ameblo.jp','Bigender','+86 201 658 4602'),(741,'Collen','cganifordkk@google.ca','Genderqueer','+33 460 247 4736'),(742,'Lammond','lsmithsonkl@nasa.gov','Male','+380 276 755 7945'),(743,'Mano','mkersskm@answers.com','Male','+62 524 464 9697'),(744,'Chadd','cduddellkn@paginegialle.it','Male','+66 693 798 5955'),(745,'Nanni','ngosfordko@clickbank.net','Female','+52 374 381 6300'),(746,'Claybourne','ckloskakp@uiuc.edu','Genderqueer','+86 673 943 0433'),(747,'Honoria','hortnerkq@1und1.de','Female','+7 802 933 5293'),(748,'Sile','springkr@fc2.com','Female','+84 947 647 1248'),(749,'Cathi','ccopelloks@google.co.uk','Genderqueer','+359 660 883 2592'),(750,'Kathryne','klathayekt@icq.com','Female','+1 492 947 6640'),(751,'Aprilette','allorenteku@pinterest.com','Female','+502 818 473 9589'),(752,'Lianna','lruprechterkv@umn.edu','Female','+385 525 453 6824'),(753,'Lamond','lmarzellekw@csmonitor.com','Male','+86 807 784 2012'),(754,'Laurette','lchittimkx@a8.net','Genderqueer','+62 400 782 8430'),(755,'Leonhard','lstainsonky@comsenz.com','Male','+33 858 337 9394'),(756,'Antonina','acumeskz@wp.com','Female','+47 423 832 4563'),(757,'Katheryn','kcresswelll0@mapy.cz','Female','+62 349 425 2286'),(758,'Margaux','mbountiffl1@msu.edu','Female','+54 310 366 6644'),(759,'Howie','hfeldsternl2@bandcamp.com','Male','+86 275 635 0548'),(760,'Montague','mstickensl3@mapy.cz','Male','+62 200 331 1319'),(761,'Percival','pselll4@cdbaby.com','Male','+46 338 718 2362'),(762,'Jordan','jilyasl5@liveinternet.ru','Female','+1 739 598 4674'),(763,'Candie','cwhittockl6@sakura.ne.jp','Female','+62 377 856 9834'),(764,'Dulcie','dsolomonidesl7@behance.net','Female','+51 671 683 8549'),(765,'Hugibert','hclixbyl8@naver.com','Male','+86 372 894 9496'),(766,'Elvera','einseall9@businessinsider.com','Female','+81 896 112 3419'),(767,'Mabelle','mhonywillla@answers.com','Female','+86 860 632 1354'),(768,'Benedick','bgavinilb@amazon.co.uk','Male','+62 527 973 7305'),(769,'Madella','msnoxilllc@redcross.org','Female','+86 286 541 3954'),(770,'Paige','pakastld@engadget.com','Male','+81 275 123 7283'),(771,'Gae','glissandrinile@ask.com','Female','+66 361 757 1813'),(772,'Renado','rboolelf@unesco.org','Male','+380 294 362 8061'),(773,'Dido','dtrimbylg@usa.gov','Female','+30 619 876 1000'),(774,'Michal','malkinlh@google.de','Female','+62 984 846 8554'),(775,'Jojo','jsottellli@forbes.com','Bigender','+63 481 778 6639'),(776,'Bevon','bpfeiferlj@fastcompany.com','Male','+62 938 336 8286'),(777,'Rafaela','rwinsomlk@smugmug.com','Genderfluid','+48 580 228 9700'),(778,'Chas','cpappsll@hhs.gov','Male','+966 962 907 0318'),(779,'Haskel','hhalledaylm@indiegogo.com','Male','+86 276 851 4153'),(780,'Martita','mbrummittln@mashable.com','Female','+7 198 495 7922'),(781,'Tanny','tcowleslo@tiny.cc','Male','+57 771 530 0803'),(782,'Tudor','tvotierlp@geocities.com','Male','+55 545 579 3728'),(783,'Veronique','vkieralq@unblog.fr','Female','+7 260 119 1757'),(784,'Jemimah','jsatterthwaitelr@theatlantic.com','Female','+53 611 746 1573'),(785,'Stace','sbonyls@bravesites.com','Female','+63 264 520 9904'),(786,'Benita','bdibblt@woothemes.com','Female','+963 873 113 4532'),(787,'Nikkie','nmoakeslu@mashable.com','Female','+351 769 350 8404'),(788,'Lindsay','lbranwhitelv@4shared.com','Male','+86 128 603 3406'),(789,'Somerset','smotionlw@nature.com','Male','+1 919 453 3045'),(790,'Alexandra','ablakesleelx@pinterest.com','Female','+47 968 561 9061'),(791,'Karlotta','kworthingly@w3.org','Female','+251 401 632 2656'),(792,'Tabby','ttyrerlz@bluehost.com','Male','+81 613 617 8451'),(793,'Shelley','scriginm0@mayoclinic.com','Male','+7 793 532 9112'),(794,'Danna','dcatherinem1@aboutads.info','Female','+86 885 929 8882'),(795,'Roxanne','rdemougeotm2@unblog.fr','Female','+7 755 635 5611'),(796,'Brewer','bdeakesm3@slideshare.net','Male','+48 531 811 4366'),(797,'Hebert','hurlichm4@sogou.com','Male','+234 848 579 0343'),(798,'Chrisse','cbeanem5@furl.net','Male','+972 279 559 6125'),(799,'Joyous','jmatschossm6@apache.org','Female','+48 993 546 4583'),(800,'Yolanthe','ymalecm7@thetimes.co.uk','Female','+351 204 394 9535'),(801,'Gerri','gcollinwoodm8@dedecms.com','Female','+86 541 630 1860'),(802,'Robbi','rchampnessm9@over-blog.com','Female','+7 309 517 1708'),(803,'Cordie','cbaudryma@globo.com','Female','+92 423 978 0951'),(804,'Jessey','jbootmanmb@geocities.jp','Male','+62 771 342 3495'),(805,'Hadria','hmastersonmc@livejournal.com','Female','+86 169 184 3254'),(806,'Tori','tgallivermd@w3.org','Female','+46 471 531 2222'),(807,'Laurence','lkalischme@goodreads.com','Male','+7 985 789 5199'),(808,'Stephan','spallinmf@uol.com.br','Male','+51 978 117 9474'),(809,'Cedric','cmacclenanmg@prlog.org','Male','+63 184 786 7326'),(810,'Valentia','vcastonmh@behance.net','Female','+353 344 756 5105'),(811,'Web','wliellmi@google.co.uk','Male','+234 884 625 8666'),(812,'Angela','ahatherillmj@howstuffworks.com','Female','+93 840 438 1230'),(813,'Timmie','trzehorzmk@netscape.com','Female','+55 887 534 4652'),(814,'Kaine','kkermottml@lulu.com','Male','+86 151 105 2553'),(815,'Janina','jgalpinmm@toplist.cz','Female','+1 661 385 4310'),(816,'Bree','beastcottmn@un.org','Female','+46 157 472 5763'),(817,'Lodovico','lriegermo@weebly.com','Male','+7 631 905 0031'),(818,'Nerti','nwaggettmp@clickbank.net','Female','+81 140 167 9475'),(819,'Sybil','sbenedidickmq@google.de','Female','+505 720 305 7800'),(820,'Clarita','cbarleemr@lulu.com','Female','+385 701 649 6973'),(821,'Loren','llambams@google.cn','Bigender','+63 827 382 8639'),(822,'Esra','epattlemt@rambler.ru','Male','+62 928 171 9324'),(823,'Kelvin','kchickenmu@webnode.com','Male','+46 100 209 2850'),(824,'Bealle','barnattmv@purevolume.com','Male','+7 313 479 3736'),(825,'Wrennie','wdahlbergmw@dagondesign.com','Female','+81 378 468 3064'),(826,'Nicolais','nbattyemx@irs.gov','Male','+970 667 779 8370'),(827,'Merrill','mpurchesmy@google.it','Male','+352 993 878 5325'),(828,'Cynthea','cleestutmz@alibaba.com','Female','+86 346 554 6900'),(829,'Tadio','tinstonen0@fotki.com','Male','+355 635 991 8600'),(830,'Camellia','cbogn1@sbwire.com','Female','+267 608 837 5792'),(831,'Sarine','sboughtwoodn2@blinklist.com','Female','+55 490 252 7030'),(832,'Enrichetta','emacgrayn3@bloomberg.com','Female','+84 431 385 3624'),(833,'Rube','rmenchentonn4@behance.net','Male','+7 470 317 7569'),(834,'Em','emcilvaneyn5@technorati.com','Female','+57 112 178 7906'),(835,'Chev','cplumben6@census.gov','Male','+86 385 991 1610'),(836,'Clarice','cmurleyn7@soundcloud.com','Female','+62 382 758 3839'),(837,'Leshia','lrennardn8@time.com','Female','+220 998 816 7527'),(838,'Lorilyn','lcrantonn9@livejournal.com','Female','+86 450 738 0692'),(839,'Sharai','sstarkiena@xing.com','Female','+54 914 467 9286'),(840,'Ardelia','aloydnb@t.co','Female','+57 333 908 3178'),(841,'Myranda','mkingsnorthnc@canalblog.com','Female','+84 513 785 9363'),(842,'Tammara','tcoughlannd@chicagotribune.com','Female','+86 748 915 6901'),(843,'Maurizio','mstquintinne@home.pl','Male','+48 342 116 7737'),(844,'Mel','mtummasuttinf@mtv.com','Female','+86 948 588 6504'),(845,'Quillan','qpierpointng@samsung.com','Male','+351 639 801 4994'),(846,'Emlynne','esparsholtnh@vistaprint.com','Female','+86 892 923 7234'),(847,'Inigo','ideareni@ocn.ne.jp','Male','+48 770 842 3353'),(848,'Chandal','ctenneynj@icio.us','Female','+86 132 681 4339'),(849,'Elijah','eandrink@live.com','Male','+86 849 491 8555'),(850,'Colleen','cdunsnl@jugem.jp','Female','+86 919 609 6669'),(851,'Korey','kcaseleynm@time.com','Male','+53 216 188 4840'),(852,'Roland','rwithnallnn@furl.net','Male','+62 584 292 2167'),(853,'Alonso','aquickno@sciencedirect.com','Male','+383 671 682 9138'),(854,'Michell','mforsternp@lycos.com','Female','+380 230 419 1908'),(855,'Haslett','hchaizenq@google.pl','Male','+33 860 142 9297'),(856,'Tobye','tpengilleynr@flickr.com','Female','+359 285 317 2244'),(857,'Keeley','klewtyns@marriott.com','Female','+81 686 426 2977'),(858,'Uta','uwhitehairnt@newsvine.com','Female','+54 334 841 8998'),(859,'Vonnie','vdumbarnu@cdbaby.com','Female','+961 525 109 8543'),(860,'Cortney','cmettericknv@who.int','Female','+57 792 213 8598'),(861,'Vikky','vtebbutnw@nih.gov','Female','+48 809 795 4957'),(862,'Creigh','cdumininx@kickstarter.com','Male','+234 806 863 5265'),(863,'Marisa','mmacdaidny@forbes.com','Female','+46 916 176 6614'),(864,'Gerardo','gguillardnz@paginegialle.it','Male','+52 619 545 0533'),(865,'Bev','bezzello0@ning.com','Female','+86 959 162 1230'),(866,'Lyell','lhatchello1@list-manage.com','Male','+420 246 242 3498'),(867,'Godfry','ghaitho2@ucoz.ru','Male','+66 572 120 3108'),(868,'Jess','jsheerano3@washington.edu','Male','+81 604 623 5339'),(869,'Harp','hmcmurrayao4@mail.ru','Male','+63 409 681 5648'),(870,'Trude','tdaddso5@huffingtonpost.com','Female','+86 331 990 6499'),(871,'Freemon','fpiesoldo6@prlog.org','Male','+234 840 252 2913'),(872,'Eddi','erusto7@creativecommons.org','Female','+62 364 334 2064'),(873,'Kass','kjakemano8@icio.us','Female','+351 791 529 8236'),(874,'Dre','djohnso9@theatlantic.com','Female','+81 873 871 4745'),(875,'Lefty','ldellatorreoa@soundcloud.com','Male','+62 769 904 4749'),(876,'Fairleigh','fcranmoreob@i2i.jp','Male','+7 387 653 7095'),(877,'Stillmann','sdivineyoc@imdb.com','Male','+48 783 300 6751'),(878,'Geri','gcoppood@ask.com','Male','+86 681 392 3378'),(879,'Gerick','gshafeoe@dot.gov','Male','+86 305 361 3848'),(880,'Carly','cdaudof@google.nl','Female','+86 717 811 6946'),(881,'Hammad','hgealog@newsvine.com','Genderqueer','+351 540 964 8176'),(882,'Zachariah','zmasdinoh@wordpress.com','Male','+351 800 150 6399'),(883,'Lion','llamploughoi@wsj.com','Male','+33 698 976 7057'),(884,'Vasily','vleggingoj@dmoz.org','Male','+7 936 214 6625'),(885,'Tobie','tgallyhaockok@nbcnews.com','Male','+1 600 305 2328'),(886,'Carolann','cdaviotol@cbsnews.com','Female','+54 145 985 0550'),(887,'Korry','kastom@infoseek.co.jp','Female','+351 125 759 5754'),(888,'Pavlov','psalzbergon@cyberchimps.com','Male','+55 125 116 2717'),(889,'Quinn','qcandieoo@123-reg.co.uk','Male','+386 196 683 0902'),(890,'Jefferson','joflynnop@wunderground.com','Male','+86 619 233 4779'),(891,'Lyle','ldeernessoq@squidoo.com','Male','+55 585 216 0261'),(892,'Stacee','sschimankor@upenn.edu','Female','+358 141 406 3106'),(893,'Reidar','rgrutos@vistaprint.com','Male','+255 857 634 3802'),(894,'Geno','gwrideot@a8.net','Male','+1 462 119 3550'),(895,'Jandy','jpadgettou@seattletimes.com','Female','+84 575 884 7005'),(896,'Ruben','rhellenov@google.com','Male','+218 426 602 4977'),(897,'Kelcie','kscrancherow@hostgator.com','Female','+33 257 541 3068'),(898,'Garnet','gwiburnox@oaic.gov.au','Female','+86 341 375 2821'),(899,'Caitrin','ctoffolooy@samsung.com','Female','+47 814 684 7690'),(900,'Graehme','glooselyoz@salon.com','Male','+380 555 642 7973'),(901,'Ceil','cjeromep0@paginegialle.it','Genderfluid','+62 989 340 1451'),(902,'Gifford','ghearndenp1@unc.edu','Male','+53 974 138 0258'),(903,'Nikolai','nsockellp2@nih.gov','Male','+66 761 366 1977'),(904,'Florence','fbarnfieldp3@cloudflare.com','Female','+62 507 556 0703'),(905,'Kenyon','ktyersp4@adobe.com','Male','+33 127 231 7799'),(906,'Corbie','cdundredgep5@dailymotion.com','Male','+7 667 835 6257'),(907,'Pammi','plinzeep6@edublogs.org','Female','+266 385 738 7667'),(908,'Tammi','tchurchmanp7@163.com','Female','+380 934 486 3162'),(909,'Hillery','hgrininp8@scientificamerican.com','Male','+381 216 618 6047'),(910,'Richmond','rjelfp9@hp.com','Male','+1 404 824 8075'),(911,'Gwendolin','gconeypa@bigcartel.com','Female','+1 202 576 1634'),(912,'Joey','jshergoldpb@xing.com','Male','+86 957 707 2195'),(913,'Wilone','wglavespc@seattletimes.com','Female','+86 201 920 7182'),(914,'Jeanne','jkaublepd@sourceforge.net','Polygender','+86 399 175 0914'),(915,'Gunther','gbrimnerpe@bbc.co.uk','Male','+86 619 564 4830'),(916,'Tabitha','tlathwellpf@wordpress.com','Female','+7 131 806 6323'),(917,'Sheri','sadamovitchpg@about.com','Female','+62 948 667 4161'),(918,'Adriaens','alangthornph@sciencedaily.com','Female','+86 771 203 2051'),(919,'Sibeal','swigfieldpi@telegraph.co.uk','Female','+1 832 923 0252'),(920,'Rosa','rcaesarpj@google.es','Female','+82 200 688 1274'),(921,'Steffane','sollierpk@unc.edu','Female','+7 366 218 6943'),(922,'Shaw','sgrigorepl@netlog.com','Male','+351 396 419 5525'),(923,'Yale','ychannonpm@epa.gov','Bigender','+66 429 152 1847'),(924,'Miran','mducarnepn@issuu.com','Female','+55 675 283 9952'),(925,'Thorndike','tgilpinpo@who.int','Male','+7 469 671 6285'),(926,'Forest','fcarasspp@nhs.uk','Male','+62 965 147 5647'),(927,'Venita','vtullotpq@printfriendly.com','Female','+977 540 149 2893'),(928,'Kendall','kharkesspr@ted.com','Male','+1 202 889 0895'),(929,'Rycca','rheadsps@abc.net.au','Female','+7 179 184 6934'),(930,'Jodie','jpaskept@reverbnation.com','Female','+46 250 356 6944'),(931,'Clint','cmcdirmidpu@upenn.edu','Male','+1 251 162 7489'),(932,'Gypsy','gguentherpv@reverbnation.com','Female','+46 228 216 3520'),(933,'Farley','fmerrikinpw@exblog.jp','Male','+7 612 388 4302'),(934,'Parry','pbockhpx@ocn.ne.jp','Male','+62 645 211 7876'),(935,'Caressa','cmagogpy@virginia.edu','Female','+30 395 783 2408'),(936,'Ralf','rjanuszewskipz@google.co.uk','Male','+63 650 639 8815'),(937,'Christye','cedmundsonq0@abc.net.au','Female','+420 521 588 1719'),(938,'Emalia','efarhertyq1@ebay.co.uk','Female','+63 941 139 8032'),(939,'Dane','dbenittiq2@slideshare.net','Male','+691 214 461 5243'),(940,'Esteban','ecandlishq3@usda.gov','Male','+30 690 336 0932'),(941,'Kent','kdunstanq4@cbsnews.com','Male','+45 311 916 5379'),(942,'Chaunce','ccleeq5@google.com','Male','+30 956 252 9774'),(943,'Linette','lwinchesterq6@omniture.com','Female','+30 730 328 3258'),(944,'Ford','fmcbrideq7@51.la','Male','+7 316 614 6976'),(945,'Phillip','phollerinq8@t.co','Male','+86 802 923 2949'),(946,'Rianon','rmathouseq9@bbc.co.uk','Female','+7 799 399 8497'),(947,'Scot','sterbrugqa@mozilla.org','Male','+62 646 669 1597'),(948,'Iona','imartenqb@google.com.hk','Non-binary','+7 199 228 8950'),(949,'Roze','rallcockqc@nytimes.com','Female','+48 484 923 9616'),(950,'Stavro','ssimenetqd@taobao.com','Male','+992 270 975 0817'),(951,'Puff','pgregerqe@independent.co.uk','Male','+86 516 668 2859'),(952,'Aurel','awalheddqf@cisco.com','Female','+86 320 984 7595'),(953,'Honey','hegellqg@umn.edu','Female','+976 429 239 9559'),(954,'Townie','twestleyqh@gov.uk','Male','+86 773 446 5837'),(955,'Ardeen','aburchallqi@fda.gov','Female','+66 407 284 5089'),(956,'Tibold','tmaiorqj@hubpages.com','Male','+62 452 521 5731'),(957,'Norry','nipgraveqk@artisteer.com','Male','+216 926 379 8643'),(958,'Sydelle','srihosekql@virginia.edu','Female','+86 757 968 7183'),(959,'Leshia','ldrezzerqm@marketwatch.com','Female','+86 278 803 4408'),(960,'Cornie','ctereseqn@constantcontact.com','Male','+55 231 864 7450'),(961,'Ulla','urubeeqo@nbcnews.com','Female','+86 182 621 1286'),(962,'Noreen','nmcguineyqp@list-manage.com','Female','+1 249 349 1153'),(963,'Greggory','gosmanqq@cnbc.com','Male','+420 360 767 5628'),(964,'Hana','hweildqr@tmall.com','Female','+254 324 610 6965'),(965,'Uriah','ukinnerleyqs@weebly.com','Male','+62 160 881 4029'),(966,'Lib','lordeltqt@noaa.gov','Female','+86 932 322 6245'),(967,'Sallie','sfuscoqu@arstechnica.com','Female','+351 156 565 1215'),(968,'Marthe','mcollopqv@mapy.cz','Female','+62 730 266 8533'),(969,'Marlo','moloughranqw@wsj.com','Male','+62 151 547 1362'),(970,'Filbert','fmithamqx@oaic.gov.au','Male','+62 278 111 2755'),(971,'Trenton','tashbeqy@reddit.com','Polygender','+261 637 978 0365'),(972,'Ebenezer','eganningqz@huffingtonpost.com','Male','+357 738 951 5549'),(973,'Coralyn','ctwelver0@ask.com','Female','+51 216 160 8175'),(974,'Sherri','silsonr1@123-reg.co.uk','Female','+351 619 228 6506'),(975,'Allsun','adunderdaler2@com.com','Female','+48 800 540 0401'),(976,'Alphonso','abuttrickr3@amazon.co.jp','Male','+351 916 963 9187'),(977,'Lonna','llillegardr4@networkadvertising.org','Female','+86 357 496 2647'),(978,'Mufinella','mministerr5@theglobeandmail.com','Female','+46 130 299 3843'),(979,'Frieda','fbarracloughr6@imgur.com','Genderfluid','+252 936 954 7614'),(980,'Dar','daggsr7@nbcnews.com','Male','+7 188 165 5398'),(981,'Chickie','clangdridger8@acquirethisname.com','Female','+1 131 868 2436'),(982,'Foss','fweavingr9@hostgator.com','Male','+63 217 523 8398'),(983,'Nadeen','naddingtonra@intel.com','Female','+51 442 289 0699'),(984,'Claudie','cathowerb@google.de','Female','+20 968 498 6194'),(985,'Brewster','bgruczkarc@businessinsider.com','Male','+62 753 956 9062'),(986,'Horacio','hmullinsrd@zdnet.com','Male','+63 402 694 6703'),(987,'Elvin','ebengtssonre@latimes.com','Male','+46 934 564 0377'),(988,'Branden','bgainsbororf@hexun.com','Male','+62 105 459 7945'),(989,'Stirling','sbrearrg@ucoz.ru','Male','+86 412 530 9723'),(990,'Maurie','mgierckrh@house.gov','Male','+256 189 772 4330'),(991,'Rodi','rgemlettri@homestead.com','Non-binary','+86 539 462 6008'),(992,'Gilberte','gocoskerryrj@newsvine.com','Polygender','+63 667 328 1186'),(993,'Jarid','jkolakowskirk@ft.com','Male','+84 274 344 6554'),(994,'Selie','sranaldrl@irs.gov','Female','+86 844 284 3945'),(995,'Marjy','mcharonrm@gmpg.org','Female','+1 858 637 0031'),(996,'Arlie','arandalstonrn@who.int','Female','+595 178 915 0234'),(997,'Scarface','sdeacockro@unblog.fr','Male','+55 299 902 9472'),(998,'Barry','bsyvretrp@sbwire.com','Bigender','+63 863 153 2348'),(999,'Leoline','lspeechleyrq@eepurl.com','Female','+506 181 582 0691'),(1000,'Wat','wmarkrr@stumbleupon.com','Male','+54 923 828 2005');
/*!40000 ALTER TABLE `RAW_DATABASE` ENABLE KEYS */;
UNLOCK TABLES;

--
-- Table structure for table `salesmen`
--

DROP TABLE IF EXISTS `salesmen`;
/*!40101 SET @saved_cs_client     = @@character_set_client */;
/*!40101 SET character_set_client = utf8 */;
CREATE TABLE `salesmen` (
  `salesman_id` int NOT NULL,
  `name` varchar(255) NOT NULL,
  `city` varchar(255) NOT NULL,
  `commission` decimal(5,2) NOT NULL,
  PRIMARY KEY (`salesman_id`)
) ENGINE=InnoDB DEFAULT CHARSET=utf8mb4 COLLATE=utf8mb4_0900_ai_ci;
/*!40101 SET character_set_client = @saved_cs_client */;

--
-- Dumping data for table `salesmen`
--

LOCK TABLES `salesmen` WRITE;
/*!40000 ALTER TABLE `salesmen` DISABLE KEYS */;
INSERT INTO `salesmen` VALUES (5001,'James Hoog','New York',0.15),(5002,'Nail Knite','Paris',0.13),(5003,'Lauson Hen','San Jose',0.12),(5005,'Pit Alex','London',0.11),(5006,'Mc Lyon','Paris',0.14),(5007,'Paul Adam','Rome',0.13);
/*!40000 ALTER TABLE `salesmen` ENABLE KEYS */;
UNLOCK TABLES;
/*!40103 SET TIME_ZONE=@OLD_TIME_ZONE */;

/*!40101 SET SQL_MODE=@OLD_SQL_MODE */;
/*!40014 SET FOREIGN_KEY_CHECKS=@OLD_FOREIGN_KEY_CHECKS */;
/*!40014 SET UNIQUE_CHECKS=@OLD_UNIQUE_CHECKS */;
/*!40101 SET CHARACTER_SET_CLIENT=@OLD_CHARACTER_SET_CLIENT */;
/*!40101 SET CHARACTER_SET_RESULTS=@OLD_CHARACTER_SET_RESULTS */;
/*!40101 SET COLLATION_CONNECTION=@OLD_COLLATION_CONNECTION */;
/*!40111 SET SQL_NOTES=@OLD_SQL_NOTES */;

-- Dump completed on 2024-01-26 20:44:20
